Name;Origin;Domain;Format;Extension;Year;Keywords;Hierarchy;Versions;VersionRange;Variants;Source;Publication;Path
automotive01;Kowal2016;automotive;FeatureIDE;json;2016;['Obfuscated', 'Proprietary', 'Automatic'];True;0;;0;https://github.com/FeatureIDE/FeatureIDE;https://doi.org/10.1145/3093335.2993248;feature_models/original/automotive/automotive01/Kowal2016.json
automotive2;Knüppel2017;automotive;FeatureIDE;json;2017;['Obfuscated', 'Proprietary', 'Automatic'];True;4;2_1..2_4;0;https://github.com/AlexanderKnueppel/is-there-a-mismatch;https://doi.org/10.1145/3106237.3106252;feature_models/original/automotive/automotive2/Knüppel2017.json
erp_system;Pereira2016;business;SXFM;json;2016;[];True;0;;0;https://wwwiti.cs.uni-magdeburg.de/~jualves/PROFilE/;https://doi.org/10.1145/2993236.2993249;feature_models/original/business/erp_system/Pereira2016.json
multicloud;GonzálezRojas2019;cloud;SXFM;json;2019;[];True;0;;0;https://github.com/governit/MultiCloud;https://doi.org/10.1007/978-3-030-33246-4_45;feature_models/original/cloud/multicloud/GonzálezRojas2019.json
berkeleydb;Hierons2020;database;SXFM;json;2020;[];True;0;;0;https://drive.google.com/drive/folders/1xumU6qxBesloq69jOPMbprOaiaOKDq82;https://doi.org/10.1145/3361146;feature_models/original/database/berkeleydb/Hierons2020.json
cnn-architecture;Ghamizi2019;deep_learning;FeatureIDE;json;2019;['Manual'];True;0;;2;https://github.com/yamizi/FeatureNet/;https://doi.org/10.1145/3336294.3336306;feature_models/original/deep_learning/cnn-architecture/Ghamizi2019.json
e_agribusiness;Pereira2016;e_commerce;SXFM;json;2016;[];True;0;;0;https://wwwiti.cs.uni-magdeburg.de/~jualves/PROFilE/;https://doi.org/10.1145/2993236.2993249;feature_models/original/e_commerce/e_agribusiness/Pereira2016.json
e_shop;Lau2006;e_commerce;SXFM;json;2011;[];True;0;;0;https://martinfjohansen.com/models2011/spltool/;https://gsd.uwaterloo.ca/sites/default/files/2006-lau-domain-analysis-of-e-commerce-systems-using-feature-based-model-templates.pdf;feature_models/original/e_commerce/e_shop/Lau2006.json
FinancialServices01;Nieke2018;finance;FeatureIDE;json;2018;['ManualCreation'];True;10;2017-05-22..2018-05-09;0;https://gitlab.com/evolutionexplanation/evolutionexplanation;https://doi.org/10.1145/3393934.3278123;feature_models/original/finance/FinancialServices01/Nieke2018.json
bank;AlHajjaji2019;finance;FeatureIDE;json;2019;[];True;0;;0;https://wwwiti.cs.uni-magdeburg.de/iti_db/research/spl-testing/;https://doi.org/10.1007/s10270-016-0569-2;feature_models/original/finance/bank/AlHajjaji2019.json
decisional;Mendonca2009;finance;SXFM;json;2009;['Manual'];True;0;;2;http://www.splot-research.org/;https://doi.org/10.1145/1639950.1640002;feature_models/original/finance/decisional/Mendonca2009.json
decisionmaking;AlHajjaji2019;finance;FeatureIDE;json;2019;[];True;0;;0;https://wwwiti.cs.uni-magdeburg.de/iti_db/research/spl-testing/;https://doi.org/10.1007/s10270-016-0569-2;feature_models/original/finance/decisionmaking/AlHajjaji2019.json
Tankwar;Schulze2012;games;FeatureIDE;json;2012;[];True;0;;0;https://github.com/FeatureIDE/FeatureIDE;https://doi.org/10.1145/.-2110147.2110156;feature_models/original/games/Tankwar/Schulze2012.json
pc-richmond;Sprey2020;hardware;FeatureIDE;json;2019;['Manual'];True;0;;0;https://github.com/Subaro/SMT-Based-Variability-Analyses-for-FeatureIDE;https://doi.org/10.1145/3377024.3377036;feature_models/original/hardware/pc-richmond/Sprey2020.json
printer;Mendonca2009;hardware;SXFM;json;2009;['Manual'];True;0;;2;http://www.splot-research.org/;https://doi.org/10.1145/1639950.1640002;feature_models/original/hardware/printer/Mendonca2009.json
routefinding;Mendonca2009;navigation;SXFM;json;2009;['Manual'];True;0;;0;http://www.splot-research.org/;https://doi.org/10.1145/1639950.1640002;feature_models/original/navigation/routefinding/Mendonca2009.json
subseacontrolsystem;Mendonca2009;navigation;SXFM;json;2009;['Manual'];True;0;;0;http://www.splot-research.org/;https://doi.org/10.1145/1639950.1640002;feature_models/original/navigation/subseacontrolsystem/Mendonca2009.json
CVE;VarelaVaca2020;security;SXFM;json;2020;[];True;0;;1463;https://github.com/IDEA-Research-Group/AMADEUS;https://doi.org/10.1145/3382025.3414952;feature_models/original/security/CVE/VarelaVaca2020.json
FRSCS;Mendonca2009;security;SXFM;json;2009;['Manual'];True;0;;2;http://www.splot-research.org/;https://doi.org/10.1145/1639950.1640002;feature_models/original/security/FRSCS/Mendonca2009.json
Buildroot;Berger2013;systems_software;DIMACS;json;2013;['Automatic', 'KConfig', 'LVAT'];False;0;;0;https://gsd.uwaterloo.ca/industrial-variability-modeling;https://doi.org/10.1109/TSE.2013.34;feature_models/original/systems_software/Buildroot/Berger2013.json
BusyBox;Knüppel2017;systems_software;FeatureIDE;json;2017;['Automatic', 'KConfig'];True;0;;0;https://github.com/AlexanderKnueppel/is-there-a-mismatch;https://doi.org/10.1145/3106237.3106252;feature_models/original/systems_software/BusyBox/Knüppel2017.json
BusyBox;Oh2020;systems_software;DIMACS;json;2020;['Automatic', 'KConfig'];False;0;;0;https://github.com/jeho-oh/Smarch;https://apps.cs.utexas.edu/apps/tech-reports/192690;feature_models/original/systems_software/BusyBox/Oh2020.json
BusyBox;Pett2021;systems_software;DIMACS;json;2021;['KConfig', 'Automatic'];False;3714;2007-05-20_17-12-43..2010-05-09_00-13-40;0;https://github.com/TUBS-ISF/SamplingStabiltyVaMoS21_data;https://doi.org/10.1145/3442391.3442410;feature_models/original/systems_software/BusyBox/Pett2021.json
BusyBox;Berger2013;systems_software;DIMACS;json;2013;['Automatic', 'KConfig', 'LVAT'];False;0;;0;https://gsd.uwaterloo.ca/industrial-variability-modeling;https://doi.org/10.1109/TSE.2013.34;feature_models/original/systems_software/BusyBox/Berger2013.json
Coreboot;Berger2013;systems_software;DIMACS;json;2013;['Automatic', 'KConfig', 'LVAT'];False;0;;0;https://gsd.uwaterloo.ca/industrial-variability-modeling;https://doi.org/10.1109/TSE.2013.34;feature_models/original/systems_software/Coreboot/Berger2013.json
Embtoolkit;Knüppel2017;systems_software;FeatureIDE;json;2017;['Automatic', 'KConfig'];True;0;;0;https://github.com/AlexanderKnueppel/is-there-a-mismatch;https://doi.org/10.1145/3106237.3106252;feature_models/original/systems_software/Embtoolkit/Knüppel2017.json
Embtoolkit;Berger2013;systems_software;DIMACS;json;2013;['Automatic', 'KConfig', 'LVAT'];False;0;;0;https://gsd.uwaterloo.ca/industrial-variability-modeling;https://doi.org/10.1109/TSE.2013.34;feature_models/original/systems_software/Embtoolkit/Berger2013.json
Fiasco;Oh2020;systems_software;DIMACS;json;2020;['Automatic', 'KConfig'];False;0;;0;https://github.com/jeho-oh/Smarch;https://apps.cs.utexas.edu/apps/tech-reports/192690;feature_models/original/systems_software/Fiasco/Oh2020.json
Fiasco;Berger2013;systems_software;DIMACS;json;2013;['Automatic', 'KConfig', 'LVAT'];False;0;;0;https://gsd.uwaterloo.ca/industrial-variability-modeling;https://doi.org/10.1109/TSE.2013.34;feature_models/original/systems_software/Fiasco/Berger2013.json
FreeBSD;AlHajjaji2019;systems_software;FeatureIDE;json;2019;[];True;0;;0;https://github.com/zahrakhoshmanesh/FIDUS;https://doi.org/10.1007/978-3-030-32047-8_26;feature_models/original/systems_software/FreeBSD/AlHajjaji2019.json
FreeBSD;Berger2013;systems_software;DIMACS;json;2013;['Automatic', 'KConfig', 'LVAT'];False;0;;0;https://gsd.uwaterloo.ca/industrial-variability-modeling;https://doi.org/10.1109/TSE.2013.34;feature_models/original/systems_software/FreeBSD/Berger2013.json
Freetz;Berger2013;systems_software;DIMACS;json;2013;['Automatic', 'KConfig', 'LVAT'];False;0;;0;https://gsd.uwaterloo.ca/industrial-variability-modeling;https://doi.org/10.1109/TSE.2013.34;feature_models/original/systems_software/Freetz/Berger2013.json
Linux;Pett2019;systems_software;DIMACS;json;2019;['KConfig', 'Automatic'];True;50;2013-11-06T06_39_45+01_00..2018-01-08T11_10_40+01_00;0;https://github.com/TUBS-ISF/SamplingStabiltyVaMoS21_data;https://doi.org/10.1145/3336294.3336322;feature_models/original/systems_software/Linux/Pett2019.json
Linux;Knüppel2017;systems_software;FeatureIDE;json;2017;['Automatic', 'KConfig'];True;0;;0;https://github.com/AlexanderKnueppel/is-there-a-mismatch;https://doi.org/10.1145/3106237.3106252;feature_models/original/systems_software/Linux/Knüppel2017.json
Linux;Nieke2022;systems_software;DIMACS;json;2022;['KConfig', 'Automatic'];True;0;;18;https://gitlab.com/mnieke/guided-config-evo-eval-data;https://doi.org/10.1007/s10270-021-00906-w;feature_models/original/systems_software/Linux/Nieke2022.json
Linux;Oh2020;systems_software;DIMACS;json;2020;['Automatic', 'KConfig'];False;0;;2;https://github.com/jeho-oh/Smarch;https://apps.cs.utexas.edu/apps/tech-reports/192690;feature_models/original/systems_software/Linux/Oh2020.json
Linux;Berger2013;systems_software;DIMACS;json;2013;['Automatic', 'KConfig', 'LVAT'];False;0;;3;https://gsd.uwaterloo.ca/industrial-variability-modeling;https://doi.org/10.1109/TSE.2013.34;feature_models/original/systems_software/Linux/Berger2013.json
ToyBox;Oh2020;systems_software;DIMACS;json;2020;['Automatic', 'KConfig'];False;0;;0;https://github.com/jeho-oh/Smarch;https://apps.cs.utexas.edu/apps/tech-reports/192690;feature_models/original/systems_software/ToyBox/Oh2020.json
ToyBox;Berger2013;systems_software;DIMACS;json;2013;['Automatic', 'KConfig', 'LVAT'];False;0;;0;https://gsd.uwaterloo.ca/industrial-variability-modeling;https://doi.org/10.1109/TSE.2013.34;feature_models/original/systems_software/ToyBox/Berger2013.json
XSEngine;Passos2011;systems_software;Clafer;json;2011;['CDL', 'Automatic'];True;0;;0;https://gsd.uwaterloo.ca/FOSD11;https://doi.org/10.1145/2019136.2019139;feature_models/original/systems_software/XSEngine/Passos2011.json
XSEngine;Knüppel2017;systems_software;FeatureIDE;json;2017;['CDL', 'Automatic'];True;0;;0;https://github.com/AlexanderKnueppel/is-there-a-mismatch;https://doi.org/10.1145/3106237.3106252;feature_models/original/systems_software/XSEngine/Knüppel2017.json
XSEngine;Berger2013;systems_software;DIMACS;json;2013;['CDL', 'Automatic'];False;0;;0;https://gsd.uwaterloo.ca/industrial-variability-modeling;https://doi.org/10.1109/TSE.2013.34;feature_models/original/systems_software/XSEngine/Berger2013.json
aaed2000;Passos2011;systems_software;Clafer;json;2011;['CDL', 'Automatic'];True;0;;0;https://gsd.uwaterloo.ca/FOSD11;https://doi.org/10.1145/2019136.2019139;feature_models/original/systems_software/aaed2000/Passos2011.json
aaed2000;Knüppel2017;systems_software;FeatureIDE;json;2017;['CDL', 'Automatic'];True;0;;0;https://github.com/AlexanderKnueppel/is-there-a-mismatch;https://doi.org/10.1145/3106237.3106252;feature_models/original/systems_software/aaed2000/Knüppel2017.json
aaed2000;Berger2013;systems_software;DIMACS;json;2013;['CDL', 'Automatic'];False;0;;0;https://gsd.uwaterloo.ca/industrial-variability-modeling;https://doi.org/10.1109/TSE.2013.34;feature_models/original/systems_software/aaed2000/Berger2013.json
adder;Passos2011;systems_software;Clafer;json;2011;['CDL', 'Automatic'];True;0;;0;https://gsd.uwaterloo.ca/FOSD11;https://doi.org/10.1145/2019136.2019139;feature_models/original/systems_software/adder/Passos2011.json
adder;Knüppel2017;systems_software;FeatureIDE;json;2017;['CDL', 'Automatic'];True;0;;0;https://github.com/AlexanderKnueppel/is-there-a-mismatch;https://doi.org/10.1145/3106237.3106252;feature_models/original/systems_software/adder/Knüppel2017.json
adder;Berger2013;systems_software;DIMACS;json;2013;['CDL', 'Automatic'];False;0;;0;https://gsd.uwaterloo.ca/industrial-variability-modeling;https://doi.org/10.1109/TSE.2013.34;feature_models/original/systems_software/adder/Berger2013.json
adderII;Passos2011;systems_software;Clafer;json;2011;['CDL', 'Automatic'];True;0;;0;https://gsd.uwaterloo.ca/FOSD11;https://doi.org/10.1145/2019136.2019139;feature_models/original/systems_software/adderII/Passos2011.json
adderII;Knüppel2017;systems_software;FeatureIDE;json;2017;['CDL', 'Automatic'];True;0;;0;https://github.com/AlexanderKnueppel/is-there-a-mismatch;https://doi.org/10.1145/3106237.3106252;feature_models/original/systems_software/adderII/Knüppel2017.json
adderII;Berger2013;systems_software;DIMACS;json;2013;['CDL', 'Automatic'];False;0;;0;https://gsd.uwaterloo.ca/industrial-variability-modeling;https://doi.org/10.1109/TSE.2013.34;feature_models/original/systems_software/adderII/Berger2013.json
aeb;Passos2011;systems_software;Clafer;json;2011;['CDL', 'Automatic'];True;0;;0;https://gsd.uwaterloo.ca/FOSD11;https://doi.org/10.1145/2019136.2019139;feature_models/original/systems_software/aeb/Passos2011.json
aeb;Knüppel2017;systems_software;FeatureIDE;json;2017;['CDL', 'Automatic'];True;0;;0;https://github.com/AlexanderKnueppel/is-there-a-mismatch;https://doi.org/10.1145/3106237.3106252;feature_models/original/systems_software/aeb/Knüppel2017.json
aeb;Berger2013;systems_software;DIMACS;json;2013;['CDL', 'Automatic'];False;0;;0;https://gsd.uwaterloo.ca/industrial-variability-modeling;https://doi.org/10.1109/TSE.2013.34;feature_models/original/systems_software/aeb/Berger2013.json
aim711;Passos2011;systems_software;Clafer;json;2011;['CDL', 'Automatic'];True;0;;0;https://gsd.uwaterloo.ca/FOSD11;https://doi.org/10.1145/2019136.2019139;feature_models/original/systems_software/aim711/Passos2011.json
aim711;Knüppel2017;systems_software;FeatureIDE;json;2017;['CDL', 'Automatic'];True;0;;0;https://github.com/AlexanderKnueppel/is-there-a-mismatch;https://doi.org/10.1145/3106237.3106252;feature_models/original/systems_software/aim711/Knüppel2017.json
aim711;Berger2013;systems_software;DIMACS;json;2013;['CDL', 'Automatic'];False;0;;0;https://gsd.uwaterloo.ca/industrial-variability-modeling;https://doi.org/10.1109/TSE.2013.34;feature_models/original/systems_software/aim711/Berger2013.json
aki3068net;Passos2011;systems_software;Clafer;json;2011;['CDL', 'Automatic'];True;0;;0;https://gsd.uwaterloo.ca/FOSD11;https://doi.org/10.1145/2019136.2019139;feature_models/original/systems_software/aki3068net/Passos2011.json
aki3068net;Knüppel2017;systems_software;FeatureIDE;json;2017;['CDL', 'Automatic'];True;0;;0;https://github.com/AlexanderKnueppel/is-there-a-mismatch;https://doi.org/10.1145/3106237.3106252;feature_models/original/systems_software/aki3068net/Knüppel2017.json
aki3068net;Berger2013;systems_software;DIMACS;json;2013;['CDL', 'Automatic'];False;0;;0;https://gsd.uwaterloo.ca/industrial-variability-modeling;https://doi.org/10.1109/TSE.2013.34;feature_models/original/systems_software/aki3068net/Berger2013.json
am31_sim;Passos2011;systems_software;Clafer;json;2011;['CDL', 'Automatic'];True;0;;0;https://gsd.uwaterloo.ca/FOSD11;https://doi.org/10.1145/2019136.2019139;feature_models/original/systems_software/am31_sim/Passos2011.json
am31_sim;Knüppel2017;systems_software;FeatureIDE;json;2017;['CDL', 'Automatic'];True;0;;0;https://github.com/AlexanderKnueppel/is-there-a-mismatch;https://doi.org/10.1145/3106237.3106252;feature_models/original/systems_software/am31_sim/Knüppel2017.json
am31_sim;Berger2013;systems_software;DIMACS;json;2013;['CDL', 'Automatic'];False;0;;0;https://gsd.uwaterloo.ca/industrial-variability-modeling;https://doi.org/10.1109/TSE.2013.34;feature_models/original/systems_software/am31_sim/Berger2013.json
android;Mendonca2009;systems_software;SXFM;json;2009;['Manual'];True;0;;2;http://www.splot-research.org/;https://doi.org/10.1145/1639950.1640002;feature_models/original/systems_software/android/Mendonca2009.json
asb;Passos2011;systems_software;Clafer;json;2011;['CDL', 'Automatic'];True;0;;0;https://gsd.uwaterloo.ca/FOSD11;https://doi.org/10.1145/2019136.2019139;feature_models/original/systems_software/asb/Passos2011.json
asb;Knüppel2017;systems_software;FeatureIDE;json;2017;['CDL', 'Automatic'];True;0;;0;https://github.com/AlexanderKnueppel/is-there-a-mismatch;https://doi.org/10.1145/3106237.3106252;feature_models/original/systems_software/asb/Knüppel2017.json
asb;Berger2013;systems_software;DIMACS;json;2013;['CDL', 'Automatic'];False;0;;0;https://gsd.uwaterloo.ca/industrial-variability-modeling;https://doi.org/10.1109/TSE.2013.34;feature_models/original/systems_software/asb/Berger2013.json
asb2305;Passos2011;systems_software;Clafer;json;2011;['CDL', 'Automatic'];True;0;;0;https://gsd.uwaterloo.ca/FOSD11;https://doi.org/10.1145/2019136.2019139;feature_models/original/systems_software/asb2305/Passos2011.json
asb2305;Knüppel2017;systems_software;FeatureIDE;json;2017;['CDL', 'Automatic'];True;0;;0;https://github.com/AlexanderKnueppel/is-there-a-mismatch;https://doi.org/10.1145/3106237.3106252;feature_models/original/systems_software/asb2305/Knüppel2017.json
asb2305;Berger2013;systems_software;DIMACS;json;2013;['CDL', 'Automatic'];False;0;;0;https://gsd.uwaterloo.ca/industrial-variability-modeling;https://doi.org/10.1109/TSE.2013.34;feature_models/original/systems_software/asb2305/Berger2013.json
assabet;Passos2011;systems_software;Clafer;json;2011;['CDL', 'Automatic'];True;0;;0;https://gsd.uwaterloo.ca/FOSD11;https://doi.org/10.1145/2019136.2019139;feature_models/original/systems_software/assabet/Passos2011.json
assabet;Knüppel2017;systems_software;FeatureIDE;json;2017;['CDL', 'Automatic'];True;0;;0;https://github.com/AlexanderKnueppel/is-there-a-mismatch;https://doi.org/10.1145/3106237.3106252;feature_models/original/systems_software/assabet/Knüppel2017.json
assabet;Berger2013;systems_software;DIMACS;json;2013;['CDL', 'Automatic'];False;0;;0;https://gsd.uwaterloo.ca/industrial-variability-modeling;https://doi.org/10.1109/TSE.2013.34;feature_models/original/systems_software/assabet/Berger2013.json
at91sam7sek;Passos2011;systems_software;Clafer;json;2011;['CDL', 'Automatic'];True;0;;0;https://gsd.uwaterloo.ca/FOSD11;https://doi.org/10.1145/2019136.2019139;feature_models/original/systems_software/at91sam7sek/Passos2011.json
at91sam7sek;Knüppel2017;systems_software;FeatureIDE;json;2017;['CDL', 'Automatic'];True;0;;0;https://github.com/AlexanderKnueppel/is-there-a-mismatch;https://doi.org/10.1145/3106237.3106252;feature_models/original/systems_software/at91sam7sek/Knüppel2017.json
at91sam7sek;Berger2013;systems_software;DIMACS;json;2013;['CDL', 'Automatic'];False;0;;0;https://gsd.uwaterloo.ca/industrial-variability-modeling;https://doi.org/10.1109/TSE.2013.34;feature_models/original/systems_software/at91sam7sek/Berger2013.json
at91sam7xek;Passos2011;systems_software;Clafer;json;2011;['CDL', 'Automatic'];True;0;;0;https://gsd.uwaterloo.ca/FOSD11;https://doi.org/10.1145/2019136.2019139;feature_models/original/systems_software/at91sam7xek/Passos2011.json
at91sam7xek;Knüppel2017;systems_software;FeatureIDE;json;2017;['CDL', 'Automatic'];True;0;;0;https://github.com/AlexanderKnueppel/is-there-a-mismatch;https://doi.org/10.1145/3106237.3106252;feature_models/original/systems_software/at91sam7xek/Knüppel2017.json
at91sam7xek;Berger2013;systems_software;DIMACS;json;2013;['CDL', 'Automatic'];False;0;;0;https://gsd.uwaterloo.ca/industrial-variability-modeling;https://doi.org/10.1109/TSE.2013.34;feature_models/original/systems_software/at91sam7xek/Berger2013.json
atlas_mips32_4kc;Passos2011;systems_software;Clafer;json;2011;['CDL', 'Automatic'];True;0;;0;https://gsd.uwaterloo.ca/FOSD11;https://doi.org/10.1145/2019136.2019139;feature_models/original/systems_software/atlas_mips32_4kc/Passos2011.json
atlas_mips32_4kc;Knüppel2017;systems_software;FeatureIDE;json;2017;['CDL', 'Automatic'];True;0;;0;https://github.com/AlexanderKnueppel/is-there-a-mismatch;https://doi.org/10.1145/3106237.3106252;feature_models/original/systems_software/atlas_mips32_4kc/Knüppel2017.json
atlas_mips32_4kc;Berger2013;systems_software;DIMACS;json;2013;['CDL', 'Automatic'];False;0;;0;https://gsd.uwaterloo.ca/industrial-variability-modeling;https://doi.org/10.1109/TSE.2013.34;feature_models/original/systems_software/atlas_mips32_4kc/Berger2013.json
atlas_mips64_5kc;Passos2011;systems_software;Clafer;json;2011;['CDL', 'Automatic'];True;0;;0;https://gsd.uwaterloo.ca/FOSD11;https://doi.org/10.1145/2019136.2019139;feature_models/original/systems_software/atlas_mips64_5kc/Passos2011.json
atlas_mips64_5kc;Knüppel2017;systems_software;FeatureIDE;json;2017;['CDL', 'Automatic'];True;0;;0;https://github.com/AlexanderKnueppel/is-there-a-mismatch;https://doi.org/10.1145/3106237.3106252;feature_models/original/systems_software/atlas_mips64_5kc/Knüppel2017.json
atlas_mips64_5kc;Berger2013;systems_software;DIMACS;json;2013;['CDL', 'Automatic'];False;0;;0;https://gsd.uwaterloo.ca/industrial-variability-modeling;https://doi.org/10.1109/TSE.2013.34;feature_models/original/systems_software/atlas_mips64_5kc/Berger2013.json
axTLS;Berger2013;systems_software;DIMACS;json;2013;['Automatic', 'KConfig', 'LVAT'];False;0;;0;https://gsd.uwaterloo.ca/industrial-variability-modeling;https://doi.org/10.1109/TSE.2013.34;feature_models/original/systems_software/axTLS/Berger2013.json
brutus;Passos2011;systems_software;Clafer;json;2011;['CDL', 'Automatic'];True;0;;0;https://gsd.uwaterloo.ca/FOSD11;https://doi.org/10.1145/2019136.2019139;feature_models/original/systems_software/brutus/Passos2011.json
brutus;Knüppel2017;systems_software;FeatureIDE;json;2017;['CDL', 'Automatic'];True;0;;0;https://github.com/AlexanderKnueppel/is-there-a-mismatch;https://doi.org/10.1145/3106237.3106252;feature_models/original/systems_software/brutus/Knüppel2017.json
brutus;Berger2013;systems_software;DIMACS;json;2013;['CDL', 'Automatic'];False;0;;0;https://gsd.uwaterloo.ca/industrial-variability-modeling;https://doi.org/10.1109/TSE.2013.34;feature_models/original/systems_software/brutus/Berger2013.json
calm16_ceb;Passos2011;systems_software;Clafer;json;2011;['CDL', 'Automatic'];True;0;;0;https://gsd.uwaterloo.ca/FOSD11;https://doi.org/10.1145/2019136.2019139;feature_models/original/systems_software/calm16_ceb/Passos2011.json
calm16_ceb;Knüppel2017;systems_software;FeatureIDE;json;2017;['CDL', 'Automatic'];True;0;;0;https://github.com/AlexanderKnueppel/is-there-a-mismatch;https://doi.org/10.1145/3106237.3106252;feature_models/original/systems_software/calm16_ceb/Knüppel2017.json
calm16_ceb;Berger2013;systems_software;DIMACS;json;2013;['CDL', 'Automatic'];False;0;;0;https://gsd.uwaterloo.ca/industrial-variability-modeling;https://doi.org/10.1109/TSE.2013.34;feature_models/original/systems_software/calm16_ceb/Berger2013.json
calm32_ceb;Passos2011;systems_software;Clafer;json;2011;['CDL', 'Automatic'];True;0;;0;https://gsd.uwaterloo.ca/FOSD11;https://doi.org/10.1145/2019136.2019139;feature_models/original/systems_software/calm32_ceb/Passos2011.json
calm32_ceb;Knüppel2017;systems_software;FeatureIDE;json;2017;['CDL', 'Automatic'];True;0;;0;https://github.com/AlexanderKnueppel/is-there-a-mismatch;https://doi.org/10.1145/3106237.3106252;feature_models/original/systems_software/calm32_ceb/Knüppel2017.json
calm32_ceb;Berger2013;systems_software;DIMACS;json;2013;['CDL', 'Automatic'];False;0;;0;https://gsd.uwaterloo.ca/industrial-variability-modeling;https://doi.org/10.1109/TSE.2013.34;feature_models/original/systems_software/calm32_ceb/Berger2013.json
cdl_linux;Passos2011;systems_software;Clafer;json;2011;['CDL', 'Automatic'];True;0;;0;https://gsd.uwaterloo.ca/FOSD11;https://doi.org/10.1145/2019136.2019139;feature_models/original/systems_software/cdl_linux/Passos2011.json
cdl_linux;Knüppel2017;systems_software;FeatureIDE;json;2017;['CDL', 'Automatic'];True;0;;0;https://github.com/AlexanderKnueppel/is-there-a-mismatch;https://doi.org/10.1145/3106237.3106252;feature_models/original/systems_software/cdl_linux/Knüppel2017.json
cdl_linux;Berger2013;systems_software;DIMACS;json;2013;['CDL', 'Automatic'];False;0;;0;https://gsd.uwaterloo.ca/industrial-variability-modeling;https://doi.org/10.1109/TSE.2013.34;feature_models/original/systems_software/cdl_linux/Berger2013.json
ceb_v850;Passos2011;systems_software;Clafer;json;2011;['CDL', 'Automatic'];True;0;;0;https://gsd.uwaterloo.ca/FOSD11;https://doi.org/10.1145/2019136.2019139;feature_models/original/systems_software/ceb_v850/Passos2011.json
ceb_v850;Knüppel2017;systems_software;FeatureIDE;json;2017;['CDL', 'Automatic'];True;0;;0;https://github.com/AlexanderKnueppel/is-there-a-mismatch;https://doi.org/10.1145/3106237.3106252;feature_models/original/systems_software/ceb_v850/Knüppel2017.json
ceb_v850;Berger2013;systems_software;DIMACS;json;2013;['CDL', 'Automatic'];False;0;;0;https://gsd.uwaterloo.ca/industrial-variability-modeling;https://doi.org/10.1109/TSE.2013.34;feature_models/original/systems_software/ceb_v850/Berger2013.json
cerf;Passos2011;systems_software;Clafer;json;2011;['CDL', 'Automatic'];True;0;;0;https://gsd.uwaterloo.ca/FOSD11;https://doi.org/10.1145/2019136.2019139;feature_models/original/systems_software/cerf/Passos2011.json
cerf;Knüppel2017;systems_software;FeatureIDE;json;2017;['CDL', 'Automatic'];True;0;;0;https://github.com/AlexanderKnueppel/is-there-a-mismatch;https://doi.org/10.1145/3106237.3106252;feature_models/original/systems_software/cerf/Knüppel2017.json
cerf;Berger2013;systems_software;DIMACS;json;2013;['CDL', 'Automatic'];False;0;;0;https://gsd.uwaterloo.ca/industrial-variability-modeling;https://doi.org/10.1109/TSE.2013.34;feature_models/original/systems_software/cerf/Berger2013.json
cerfpda;Passos2011;systems_software;Clafer;json;2011;['CDL', 'Automatic'];True;0;;0;https://gsd.uwaterloo.ca/FOSD11;https://doi.org/10.1145/2019136.2019139;feature_models/original/systems_software/cerfpda/Passos2011.json
cerfpda;Knüppel2017;systems_software;FeatureIDE;json;2017;['CDL', 'Automatic'];True;0;;0;https://github.com/AlexanderKnueppel/is-there-a-mismatch;https://doi.org/10.1145/3106237.3106252;feature_models/original/systems_software/cerfpda/Knüppel2017.json
cerfpda;Berger2013;systems_software;DIMACS;json;2013;['CDL', 'Automatic'];False;0;;0;https://gsd.uwaterloo.ca/industrial-variability-modeling;https://doi.org/10.1109/TSE.2013.34;feature_models/original/systems_software/cerfpda/Berger2013.json
cma230;Passos2011;systems_software;Clafer;json;2011;['CDL', 'Automatic'];True;0;;0;https://gsd.uwaterloo.ca/FOSD11;https://doi.org/10.1145/2019136.2019139;feature_models/original/systems_software/cma230/Passos2011.json
cma230;Knüppel2017;systems_software;FeatureIDE;json;2017;['CDL', 'Automatic'];True;0;;0;https://github.com/AlexanderKnueppel/is-there-a-mismatch;https://doi.org/10.1145/3106237.3106252;feature_models/original/systems_software/cma230/Knüppel2017.json
cma230;Berger2013;systems_software;DIMACS;json;2013;['CDL', 'Automatic'];False;0;;0;https://gsd.uwaterloo.ca/industrial-variability-modeling;https://doi.org/10.1109/TSE.2013.34;feature_models/original/systems_software/cma230/Berger2013.json
cma28x;Passos2011;systems_software;Clafer;json;2011;['CDL', 'Automatic'];True;0;;0;https://gsd.uwaterloo.ca/FOSD11;https://doi.org/10.1145/2019136.2019139;feature_models/original/systems_software/cma28x/Passos2011.json
cma28x;Knüppel2017;systems_software;FeatureIDE;json;2017;['CDL', 'Automatic'];True;0;;0;https://github.com/AlexanderKnueppel/is-there-a-mismatch;https://doi.org/10.1145/3106237.3106252;feature_models/original/systems_software/cma28x/Knüppel2017.json
cma28x;Berger2013;systems_software;DIMACS;json;2013;['CDL', 'Automatic'];False;0;;0;https://gsd.uwaterloo.ca/industrial-variability-modeling;https://doi.org/10.1109/TSE.2013.34;feature_models/original/systems_software/cma28x/Berger2013.json
cme555;Passos2011;systems_software;Clafer;json;2011;['CDL', 'Automatic'];True;0;;0;https://gsd.uwaterloo.ca/FOSD11;https://doi.org/10.1145/2019136.2019139;feature_models/original/systems_software/cme555/Passos2011.json
cme555;Knüppel2017;systems_software;FeatureIDE;json;2017;['CDL', 'Automatic'];True;0;;0;https://github.com/AlexanderKnueppel/is-there-a-mismatch;https://doi.org/10.1145/3106237.3106252;feature_models/original/systems_software/cme555/Knüppel2017.json
cme555;Berger2013;systems_software;DIMACS;json;2013;['CDL', 'Automatic'];False;0;;0;https://gsd.uwaterloo.ca/industrial-variability-modeling;https://doi.org/10.1109/TSE.2013.34;feature_models/original/systems_software/cme555/Berger2013.json
cq7708;Passos2011;systems_software;Clafer;json;2011;['CDL', 'Automatic'];True;0;;0;https://gsd.uwaterloo.ca/FOSD11;https://doi.org/10.1145/2019136.2019139;feature_models/original/systems_software/cq7708/Passos2011.json
cq7708;Knüppel2017;systems_software;FeatureIDE;json;2017;['CDL', 'Automatic'];True;0;;0;https://github.com/AlexanderKnueppel/is-there-a-mismatch;https://doi.org/10.1145/3106237.3106252;feature_models/original/systems_software/cq7708/Knüppel2017.json
cq7708;Berger2013;systems_software;DIMACS;json;2013;['CDL', 'Automatic'];False;0;;0;https://gsd.uwaterloo.ca/industrial-variability-modeling;https://doi.org/10.1109/TSE.2013.34;feature_models/original/systems_software/cq7708/Berger2013.json
cq7750;Passos2011;systems_software;Clafer;json;2011;['CDL', 'Automatic'];True;0;;0;https://gsd.uwaterloo.ca/FOSD11;https://doi.org/10.1145/2019136.2019139;feature_models/original/systems_software/cq7750/Passos2011.json
cq7750;Knüppel2017;systems_software;FeatureIDE;json;2017;['CDL', 'Automatic'];True;0;;0;https://github.com/AlexanderKnueppel/is-there-a-mismatch;https://doi.org/10.1145/3106237.3106252;feature_models/original/systems_software/cq7750/Knüppel2017.json
cq7750;Berger2013;systems_software;DIMACS;json;2013;['CDL', 'Automatic'];False;0;;0;https://gsd.uwaterloo.ca/industrial-variability-modeling;https://doi.org/10.1109/TSE.2013.34;feature_models/original/systems_software/cq7750/Berger2013.json
csb281;Passos2011;systems_software;Clafer;json;2011;['CDL', 'Automatic'];True;0;;0;https://gsd.uwaterloo.ca/FOSD11;https://doi.org/10.1145/2019136.2019139;feature_models/original/systems_software/csb281/Passos2011.json
csb281;Knüppel2017;systems_software;FeatureIDE;json;2017;['CDL', 'Automatic'];True;0;;0;https://github.com/AlexanderKnueppel/is-there-a-mismatch;https://doi.org/10.1145/3106237.3106252;feature_models/original/systems_software/csb281/Knüppel2017.json
csb281;Berger2013;systems_software;DIMACS;json;2013;['CDL', 'Automatic'];False;0;;0;https://gsd.uwaterloo.ca/industrial-variability-modeling;https://doi.org/10.1109/TSE.2013.34;feature_models/original/systems_software/csb281/Berger2013.json
dreamcast;Passos2011;systems_software;Clafer;json;2011;['CDL', 'Automatic'];True;0;;0;https://gsd.uwaterloo.ca/FOSD11;https://doi.org/10.1145/2019136.2019139;feature_models/original/systems_software/dreamcast/Passos2011.json
dreamcast;Knüppel2017;systems_software;FeatureIDE;json;2017;['CDL', 'Automatic'];True;0;;0;https://github.com/AlexanderKnueppel/is-there-a-mismatch;https://doi.org/10.1145/3106237.3106252;feature_models/original/systems_software/dreamcast/Knüppel2017.json
dreamcast;Berger2013;systems_software;DIMACS;json;2013;['CDL', 'Automatic'];False;0;;0;https://gsd.uwaterloo.ca/industrial-variability-modeling;https://doi.org/10.1109/TSE.2013.34;feature_models/original/systems_software/dreamcast/Berger2013.json
e7t;Passos2011;systems_software;Clafer;json;2011;['CDL', 'Automatic'];True;0;;0;https://gsd.uwaterloo.ca/FOSD11;https://doi.org/10.1145/2019136.2019139;feature_models/original/systems_software/e7t/Passos2011.json
e7t;Knüppel2017;systems_software;FeatureIDE;json;2017;['CDL', 'Automatic'];True;0;;0;https://github.com/AlexanderKnueppel/is-there-a-mismatch;https://doi.org/10.1145/3106237.3106252;feature_models/original/systems_software/e7t/Knüppel2017.json
e7t;Berger2013;systems_software;DIMACS;json;2013;['CDL', 'Automatic'];False;0;;0;https://gsd.uwaterloo.ca/industrial-variability-modeling;https://doi.org/10.1109/TSE.2013.34;feature_models/original/systems_software/e7t/Berger2013.json
eCos;AlHajjaji2019;systems_software;FeatureIDE;json;2019;['eCos', 'CDL'];True;0;;0;https://github.com/zahrakhoshmanesh/FIDUS;https://doi.org/10.1007/978-3-030-32047-8_26;feature_models/original/systems_software/eCos/AlHajjaji2019.json
eCos;Berger2013;systems_software;DIMACS;json;2013;['Automatic', 'KConfig', 'LVAT'];False;0;;0;https://gsd.uwaterloo.ca/industrial-variability-modeling;https://doi.org/10.1109/TSE.2013.34;feature_models/original/systems_software/eCos/Berger2013.json
ea2468;Passos2011;systems_software;Clafer;json;2011;['CDL', 'Automatic'];True;0;;0;https://gsd.uwaterloo.ca/FOSD11;https://doi.org/10.1145/2019136.2019139;feature_models/original/systems_software/ea2468/Passos2011.json
ea2468;Knüppel2017;systems_software;FeatureIDE;json;2017;['CDL', 'Automatic'];True;0;;0;https://github.com/AlexanderKnueppel/is-there-a-mismatch;https://doi.org/10.1145/3106237.3106252;feature_models/original/systems_software/ea2468/Knüppel2017.json
ea2468;Berger2013;systems_software;DIMACS;json;2013;['CDL', 'Automatic'];False;0;;0;https://gsd.uwaterloo.ca/industrial-variability-modeling;https://doi.org/10.1109/TSE.2013.34;feature_models/original/systems_software/ea2468/Berger2013.json
eb40;Passos2011;systems_software;Clafer;json;2011;['CDL', 'Automatic'];True;0;;0;https://gsd.uwaterloo.ca/FOSD11;https://doi.org/10.1145/2019136.2019139;feature_models/original/systems_software/eb40/Passos2011.json
eb40;Knüppel2017;systems_software;FeatureIDE;json;2017;['CDL', 'Automatic'];True;0;;0;https://github.com/AlexanderKnueppel/is-there-a-mismatch;https://doi.org/10.1145/3106237.3106252;feature_models/original/systems_software/eb40/Knüppel2017.json
eb40;Berger2013;systems_software;DIMACS;json;2013;['CDL', 'Automatic'];False;0;;0;https://gsd.uwaterloo.ca/industrial-variability-modeling;https://doi.org/10.1109/TSE.2013.34;feature_models/original/systems_software/eb40/Berger2013.json
eb40a;Passos2011;systems_software;Clafer;json;2011;['CDL', 'Automatic'];True;0;;0;https://gsd.uwaterloo.ca/FOSD11;https://doi.org/10.1145/2019136.2019139;feature_models/original/systems_software/eb40a/Passos2011.json
eb40a;Knüppel2017;systems_software;FeatureIDE;json;2017;['CDL', 'Automatic'];True;0;;0;https://github.com/AlexanderKnueppel/is-there-a-mismatch;https://doi.org/10.1145/3106237.3106252;feature_models/original/systems_software/eb40a/Knüppel2017.json
eb40a;Berger2013;systems_software;DIMACS;json;2013;['CDL', 'Automatic'];False;0;;0;https://gsd.uwaterloo.ca/industrial-variability-modeling;https://doi.org/10.1109/TSE.2013.34;feature_models/original/systems_software/eb40a/Berger2013.json
eb42;Passos2011;systems_software;Clafer;json;2011;['CDL', 'Automatic'];True;0;;0;https://gsd.uwaterloo.ca/FOSD11;https://doi.org/10.1145/2019136.2019139;feature_models/original/systems_software/eb42/Passos2011.json
eb42;Knüppel2017;systems_software;FeatureIDE;json;2017;['CDL', 'Automatic'];True;0;;0;https://github.com/AlexanderKnueppel/is-there-a-mismatch;https://doi.org/10.1145/3106237.3106252;feature_models/original/systems_software/eb42/Knüppel2017.json
eb42;Berger2013;systems_software;DIMACS;json;2013;['CDL', 'Automatic'];False;0;;0;https://gsd.uwaterloo.ca/industrial-variability-modeling;https://doi.org/10.1109/TSE.2013.34;feature_models/original/systems_software/eb42/Berger2013.json
eb55;Passos2011;systems_software;Clafer;json;2011;['CDL', 'Automatic'];True;0;;0;https://gsd.uwaterloo.ca/FOSD11;https://doi.org/10.1145/2019136.2019139;feature_models/original/systems_software/eb55/Passos2011.json
eb55;Knüppel2017;systems_software;FeatureIDE;json;2017;['CDL', 'Automatic'];True;0;;0;https://github.com/AlexanderKnueppel/is-there-a-mismatch;https://doi.org/10.1145/3106237.3106252;feature_models/original/systems_software/eb55/Knüppel2017.json
eb55;Berger2013;systems_software;DIMACS;json;2013;['CDL', 'Automatic'];False;0;;0;https://gsd.uwaterloo.ca/industrial-variability-modeling;https://doi.org/10.1109/TSE.2013.34;feature_models/original/systems_software/eb55/Berger2013.json
ebsa285;Passos2011;systems_software;Clafer;json;2011;['CDL', 'Automatic'];True;0;;0;https://gsd.uwaterloo.ca/FOSD11;https://doi.org/10.1145/2019136.2019139;feature_models/original/systems_software/ebsa285/Passos2011.json
ebsa285;Knüppel2017;systems_software;FeatureIDE;json;2017;['CDL', 'Automatic'];True;0;;0;https://github.com/AlexanderKnueppel/is-there-a-mismatch;https://doi.org/10.1145/3106237.3106252;feature_models/original/systems_software/ebsa285/Knüppel2017.json
ebsa285;Berger2013;systems_software;DIMACS;json;2013;['CDL', 'Automatic'];False;0;;0;https://gsd.uwaterloo.ca/industrial-variability-modeling;https://doi.org/10.1109/TSE.2013.34;feature_models/original/systems_software/ebsa285/Berger2013.json
ec555;Passos2011;systems_software;Clafer;json;2011;['CDL', 'Automatic'];True;0;;0;https://gsd.uwaterloo.ca/FOSD11;https://doi.org/10.1145/2019136.2019139;feature_models/original/systems_software/ec555/Passos2011.json
ec555;Knüppel2017;systems_software;FeatureIDE;json;2017;['CDL', 'Automatic'];True;0;;0;https://github.com/AlexanderKnueppel/is-there-a-mismatch;https://doi.org/10.1145/3106237.3106252;feature_models/original/systems_software/ec555/Knüppel2017.json
ec555;Berger2013;systems_software;DIMACS;json;2013;['CDL', 'Automatic'];False;0;;0;https://gsd.uwaterloo.ca/industrial-variability-modeling;https://doi.org/10.1109/TSE.2013.34;feature_models/original/systems_software/ec555/Berger2013.json
edb7xxx;Passos2011;systems_software;Clafer;json;2011;['CDL', 'Automatic'];True;0;;0;https://gsd.uwaterloo.ca/FOSD11;https://doi.org/10.1145/2019136.2019139;feature_models/original/systems_software/edb7xxx/Passos2011.json
edb7xxx;Knüppel2017;systems_software;FeatureIDE;json;2017;['CDL', 'Automatic'];True;0;;0;https://github.com/AlexanderKnueppel/is-there-a-mismatch;https://doi.org/10.1145/3106237.3106252;feature_models/original/systems_software/edb7xxx/Knüppel2017.json
edb7xxx;Berger2013;systems_software;DIMACS;json;2013;['CDL', 'Automatic'];False;0;;0;https://gsd.uwaterloo.ca/industrial-variability-modeling;https://doi.org/10.1109/TSE.2013.34;feature_models/original/systems_software/edb7xxx/Berger2013.json
edosk2674;Passos2011;systems_software;Clafer;json;2011;['CDL', 'Automatic'];True;0;;0;https://gsd.uwaterloo.ca/FOSD11;https://doi.org/10.1145/2019136.2019139;feature_models/original/systems_software/edosk2674/Passos2011.json
edosk2674;Knüppel2017;systems_software;FeatureIDE;json;2017;['CDL', 'Automatic'];True;0;;0;https://github.com/AlexanderKnueppel/is-there-a-mismatch;https://doi.org/10.1145/3106237.3106252;feature_models/original/systems_software/edosk2674/Knüppel2017.json
edosk2674;Berger2013;systems_software;DIMACS;json;2013;['CDL', 'Automatic'];False;0;;0;https://gsd.uwaterloo.ca/industrial-variability-modeling;https://doi.org/10.1109/TSE.2013.34;feature_models/original/systems_software/edosk2674/Berger2013.json
excalibur_arm9;Passos2011;systems_software;Clafer;json;2011;['CDL', 'Automatic'];True;0;;0;https://gsd.uwaterloo.ca/FOSD11;https://doi.org/10.1145/2019136.2019139;feature_models/original/systems_software/excalibur_arm9/Passos2011.json
excalibur_arm9;Knüppel2017;systems_software;FeatureIDE;json;2017;['CDL', 'Automatic'];True;0;;0;https://github.com/AlexanderKnueppel/is-there-a-mismatch;https://doi.org/10.1145/3106237.3106252;feature_models/original/systems_software/excalibur_arm9/Knüppel2017.json
excalibur_arm9;Berger2013;systems_software;DIMACS;json;2013;['CDL', 'Automatic'];False;0;;0;https://gsd.uwaterloo.ca/industrial-variability-modeling;https://doi.org/10.1109/TSE.2013.34;feature_models/original/systems_software/excalibur_arm9/Berger2013.json
fads;Passos2011;systems_software;Clafer;json;2011;['CDL', 'Automatic'];True;0;;0;https://gsd.uwaterloo.ca/FOSD11;https://doi.org/10.1145/2019136.2019139;feature_models/original/systems_software/fads/Passos2011.json
fads;Knüppel2017;systems_software;FeatureIDE;json;2017;['CDL', 'Automatic'];True;0;;0;https://github.com/AlexanderKnueppel/is-there-a-mismatch;https://doi.org/10.1145/3106237.3106252;feature_models/original/systems_software/fads/Knüppel2017.json
fads;Berger2013;systems_software;DIMACS;json;2013;['CDL', 'Automatic'];False;0;;0;https://gsd.uwaterloo.ca/industrial-variability-modeling;https://doi.org/10.1109/TSE.2013.34;feature_models/original/systems_software/fads/Berger2013.json
flexanet;Passos2011;systems_software;Clafer;json;2011;['CDL', 'Automatic'];True;0;;0;https://gsd.uwaterloo.ca/FOSD11;https://doi.org/10.1145/2019136.2019139;feature_models/original/systems_software/flexanet/Passos2011.json
flexanet;Knüppel2017;systems_software;FeatureIDE;json;2017;['CDL', 'Automatic'];True;0;;0;https://github.com/AlexanderKnueppel/is-there-a-mismatch;https://doi.org/10.1145/3106237.3106252;feature_models/original/systems_software/flexanet/Knüppel2017.json
flexanet;Berger2013;systems_software;DIMACS;json;2013;['CDL', 'Automatic'];False;0;;0;https://gsd.uwaterloo.ca/industrial-variability-modeling;https://doi.org/10.1109/TSE.2013.34;feature_models/original/systems_software/flexanet/Berger2013.json
frv400;Passos2011;systems_software;Clafer;json;2011;['CDL', 'Automatic'];True;0;;0;https://gsd.uwaterloo.ca/FOSD11;https://doi.org/10.1145/2019136.2019139;feature_models/original/systems_software/frv400/Passos2011.json
frv400;Knüppel2017;systems_software;FeatureIDE;json;2017;['CDL', 'Automatic'];True;0;;0;https://github.com/AlexanderKnueppel/is-there-a-mismatch;https://doi.org/10.1145/3106237.3106252;feature_models/original/systems_software/frv400/Knüppel2017.json
frv400;Berger2013;systems_software;DIMACS;json;2013;['CDL', 'Automatic'];False;0;;0;https://gsd.uwaterloo.ca/industrial-variability-modeling;https://doi.org/10.1109/TSE.2013.34;feature_models/original/systems_software/frv400/Berger2013.json
gps4020;Passos2011;systems_software;Clafer;json;2011;['CDL', 'Automatic'];True;0;;0;https://gsd.uwaterloo.ca/FOSD11;https://doi.org/10.1145/2019136.2019139;feature_models/original/systems_software/gps4020/Passos2011.json
gps4020;Knüppel2017;systems_software;FeatureIDE;json;2017;['CDL', 'Automatic'];True;0;;0;https://github.com/AlexanderKnueppel/is-there-a-mismatch;https://doi.org/10.1145/3106237.3106252;feature_models/original/systems_software/gps4020/Knüppel2017.json
gps4020;Berger2013;systems_software;DIMACS;json;2013;['CDL', 'Automatic'];False;0;;0;https://gsd.uwaterloo.ca/industrial-variability-modeling;https://doi.org/10.1109/TSE.2013.34;feature_models/original/systems_software/gps4020/Berger2013.json
grg;Passos2011;systems_software;Clafer;json;2011;['CDL', 'Automatic'];True;0;;0;https://gsd.uwaterloo.ca/FOSD11;https://doi.org/10.1145/2019136.2019139;feature_models/original/systems_software/grg/Passos2011.json
grg;Knüppel2017;systems_software;FeatureIDE;json;2017;['CDL', 'Automatic'];True;0;;0;https://github.com/AlexanderKnueppel/is-there-a-mismatch;https://doi.org/10.1145/3106237.3106252;feature_models/original/systems_software/grg/Knüppel2017.json
grg;Berger2013;systems_software;DIMACS;json;2013;['CDL', 'Automatic'];False;0;;0;https://gsd.uwaterloo.ca/industrial-variability-modeling;https://doi.org/10.1109/TSE.2013.34;feature_models/original/systems_software/grg/Berger2013.json
h8300h_sim;Passos2011;systems_software;Clafer;json;2011;['CDL', 'Automatic'];True;0;;0;https://gsd.uwaterloo.ca/FOSD11;https://doi.org/10.1145/2019136.2019139;feature_models/original/systems_software/h8300h_sim/Passos2011.json
h8300h_sim;Knüppel2017;systems_software;FeatureIDE;json;2017;['CDL', 'Automatic'];True;0;;0;https://github.com/AlexanderKnueppel/is-there-a-mismatch;https://doi.org/10.1145/3106237.3106252;feature_models/original/systems_software/h8300h_sim/Knüppel2017.json
h8300h_sim;Berger2013;systems_software;DIMACS;json;2013;['CDL', 'Automatic'];False;0;;0;https://gsd.uwaterloo.ca/industrial-variability-modeling;https://doi.org/10.1109/TSE.2013.34;feature_models/original/systems_software/h8300h_sim/Berger2013.json
h8max;Passos2011;systems_software;Clafer;json;2011;['CDL', 'Automatic'];True;0;;0;https://gsd.uwaterloo.ca/FOSD11;https://doi.org/10.1145/2019136.2019139;feature_models/original/systems_software/h8max/Passos2011.json
h8max;Knüppel2017;systems_software;FeatureIDE;json;2017;['CDL', 'Automatic'];True;0;;0;https://github.com/AlexanderKnueppel/is-there-a-mismatch;https://doi.org/10.1145/3106237.3106252;feature_models/original/systems_software/h8max/Knüppel2017.json
h8max;Berger2013;systems_software;DIMACS;json;2013;['CDL', 'Automatic'];False;0;;0;https://gsd.uwaterloo.ca/industrial-variability-modeling;https://doi.org/10.1109/TSE.2013.34;feature_models/original/systems_software/h8max/Berger2013.json
h8s_sim;Passos2011;systems_software;Clafer;json;2011;['CDL', 'Automatic'];True;0;;0;https://gsd.uwaterloo.ca/FOSD11;https://doi.org/10.1145/2019136.2019139;feature_models/original/systems_software/h8s_sim/Passos2011.json
h8s_sim;Knüppel2017;systems_software;FeatureIDE;json;2017;['CDL', 'Automatic'];True;0;;0;https://github.com/AlexanderKnueppel/is-there-a-mismatch;https://doi.org/10.1145/3106237.3106252;feature_models/original/systems_software/h8s_sim/Knüppel2017.json
h8s_sim;Berger2013;systems_software;DIMACS;json;2013;['CDL', 'Automatic'];False;0;;0;https://gsd.uwaterloo.ca/industrial-variability-modeling;https://doi.org/10.1109/TSE.2013.34;feature_models/original/systems_software/h8s_sim/Berger2013.json
hs7729pci;Passos2011;systems_software;Clafer;json;2011;['CDL', 'Automatic'];True;0;;0;https://gsd.uwaterloo.ca/FOSD11;https://doi.org/10.1145/2019136.2019139;feature_models/original/systems_software/hs7729pci/Passos2011.json
hs7729pci;Knüppel2017;systems_software;FeatureIDE;json;2017;['CDL', 'Automatic'];True;0;;0;https://github.com/AlexanderKnueppel/is-there-a-mismatch;https://doi.org/10.1145/3106237.3106252;feature_models/original/systems_software/hs7729pci/Knüppel2017.json
hs7729pci;Berger2013;systems_software;DIMACS;json;2013;['CDL', 'Automatic'];False;0;;0;https://gsd.uwaterloo.ca/industrial-variability-modeling;https://doi.org/10.1109/TSE.2013.34;feature_models/original/systems_software/hs7729pci/Berger2013.json
innovator;Passos2011;systems_software;Clafer;json;2011;['CDL', 'Automatic'];True;0;;0;https://gsd.uwaterloo.ca/FOSD11;https://doi.org/10.1145/2019136.2019139;feature_models/original/systems_software/innovator/Passos2011.json
innovator;Knüppel2017;systems_software;FeatureIDE;json;2017;['CDL', 'Automatic'];True;0;;0;https://github.com/AlexanderKnueppel/is-there-a-mismatch;https://doi.org/10.1145/3106237.3106252;feature_models/original/systems_software/innovator/Knüppel2017.json
innovator;Berger2013;systems_software;DIMACS;json;2013;['CDL', 'Automatic'];False;0;;0;https://gsd.uwaterloo.ca/industrial-variability-modeling;https://doi.org/10.1109/TSE.2013.34;feature_models/original/systems_software/innovator/Berger2013.json
integrator_arm7;Passos2011;systems_software;Clafer;json;2011;['CDL', 'Automatic'];True;0;;0;https://gsd.uwaterloo.ca/FOSD11;https://doi.org/10.1145/2019136.2019139;feature_models/original/systems_software/integrator_arm7/Passos2011.json
integrator_arm7;Knüppel2017;systems_software;FeatureIDE;json;2017;['CDL', 'Automatic'];True;0;;0;https://github.com/AlexanderKnueppel/is-there-a-mismatch;https://doi.org/10.1145/3106237.3106252;feature_models/original/systems_software/integrator_arm7/Knüppel2017.json
integrator_arm7;Berger2013;systems_software;DIMACS;json;2013;['CDL', 'Automatic'];False;0;;0;https://gsd.uwaterloo.ca/industrial-variability-modeling;https://doi.org/10.1109/TSE.2013.34;feature_models/original/systems_software/integrator_arm7/Berger2013.json
integrator_arm9;Passos2011;systems_software;Clafer;json;2011;['CDL', 'Automatic'];True;0;;0;https://gsd.uwaterloo.ca/FOSD11;https://doi.org/10.1145/2019136.2019139;feature_models/original/systems_software/integrator_arm9/Passos2011.json
integrator_arm9;Knüppel2017;systems_software;FeatureIDE;json;2017;['CDL', 'Automatic'];True;0;;0;https://github.com/AlexanderKnueppel/is-there-a-mismatch;https://doi.org/10.1145/3106237.3106252;feature_models/original/systems_software/integrator_arm9/Knüppel2017.json
integrator_arm9;Berger2013;systems_software;DIMACS;json;2013;['CDL', 'Automatic'];False;0;;0;https://gsd.uwaterloo.ca/industrial-variability-modeling;https://doi.org/10.1109/TSE.2013.34;feature_models/original/systems_software/integrator_arm9/Berger2013.json
ipaq;Passos2011;systems_software;Clafer;json;2011;['CDL', 'Automatic'];True;0;;0;https://gsd.uwaterloo.ca/FOSD11;https://doi.org/10.1145/2019136.2019139;feature_models/original/systems_software/ipaq/Passos2011.json
ipaq;Knüppel2017;systems_software;FeatureIDE;json;2017;['CDL', 'Automatic'];True;0;;0;https://github.com/AlexanderKnueppel/is-there-a-mismatch;https://doi.org/10.1145/3106237.3106252;feature_models/original/systems_software/ipaq/Knüppel2017.json
ipaq;Berger2013;systems_software;DIMACS;json;2013;['CDL', 'Automatic'];False;0;;0;https://gsd.uwaterloo.ca/industrial-variability-modeling;https://doi.org/10.1109/TSE.2013.34;feature_models/original/systems_software/ipaq/Berger2013.json
iq80310;Passos2011;systems_software;Clafer;json;2011;['CDL', 'Automatic'];True;0;;0;https://gsd.uwaterloo.ca/FOSD11;https://doi.org/10.1145/2019136.2019139;feature_models/original/systems_software/iq80310/Passos2011.json
iq80310;Knüppel2017;systems_software;FeatureIDE;json;2017;['CDL', 'Automatic'];True;0;;0;https://github.com/AlexanderKnueppel/is-there-a-mismatch;https://doi.org/10.1145/3106237.3106252;feature_models/original/systems_software/iq80310/Knüppel2017.json
iq80310;Berger2013;systems_software;DIMACS;json;2013;['CDL', 'Automatic'];False;0;;0;https://gsd.uwaterloo.ca/industrial-variability-modeling;https://doi.org/10.1109/TSE.2013.34;feature_models/original/systems_software/iq80310/Berger2013.json
iq80321;Passos2011;systems_software;Clafer;json;2011;['CDL', 'Automatic'];True;0;;0;https://gsd.uwaterloo.ca/FOSD11;https://doi.org/10.1145/2019136.2019139;feature_models/original/systems_software/iq80321/Passos2011.json
iq80321;Knüppel2017;systems_software;FeatureIDE;json;2017;['CDL', 'Automatic'];True;0;;0;https://github.com/AlexanderKnueppel/is-there-a-mismatch;https://doi.org/10.1145/3106237.3106252;feature_models/original/systems_software/iq80321/Knüppel2017.json
iq80321;Berger2013;systems_software;DIMACS;json;2013;['CDL', 'Automatic'];False;0;;0;https://gsd.uwaterloo.ca/industrial-variability-modeling;https://doi.org/10.1109/TSE.2013.34;feature_models/original/systems_software/iq80321/Berger2013.json
ixdp425;Passos2011;systems_software;Clafer;json;2011;['CDL', 'Automatic'];True;0;;0;https://gsd.uwaterloo.ca/FOSD11;https://doi.org/10.1145/2019136.2019139;feature_models/original/systems_software/ixdp425/Passos2011.json
ixdp425;Knüppel2017;systems_software;FeatureIDE;json;2017;['CDL', 'Automatic'];True;0;;0;https://github.com/AlexanderKnueppel/is-there-a-mismatch;https://doi.org/10.1145/3106237.3106252;feature_models/original/systems_software/ixdp425/Knüppel2017.json
ixdp425;Berger2013;systems_software;DIMACS;json;2013;['CDL', 'Automatic'];False;0;;0;https://gsd.uwaterloo.ca/industrial-variability-modeling;https://doi.org/10.1109/TSE.2013.34;feature_models/original/systems_software/ixdp425/Berger2013.json
jmr3904;Passos2011;systems_software;Clafer;json;2011;['CDL', 'Automatic'];True;0;;0;https://gsd.uwaterloo.ca/FOSD11;https://doi.org/10.1145/2019136.2019139;feature_models/original/systems_software/jmr3904/Passos2011.json
jmr3904;Knüppel2017;systems_software;FeatureIDE;json;2017;['CDL', 'Automatic'];True;0;;0;https://github.com/AlexanderKnueppel/is-there-a-mismatch;https://doi.org/10.1145/3106237.3106252;feature_models/original/systems_software/jmr3904/Knüppel2017.json
jmr3904;Berger2013;systems_software;DIMACS;json;2013;['CDL', 'Automatic'];False;0;;0;https://gsd.uwaterloo.ca/industrial-variability-modeling;https://doi.org/10.1109/TSE.2013.34;feature_models/original/systems_software/jmr3904/Berger2013.json
jtst;Passos2011;systems_software;Clafer;json;2011;['CDL', 'Automatic'];True;0;;0;https://gsd.uwaterloo.ca/FOSD11;https://doi.org/10.1145/2019136.2019139;feature_models/original/systems_software/jtst/Passos2011.json
jtst;Knüppel2017;systems_software;FeatureIDE;json;2017;['CDL', 'Automatic'];True;0;;0;https://github.com/AlexanderKnueppel/is-there-a-mismatch;https://doi.org/10.1145/3106237.3106252;feature_models/original/systems_software/jtst/Knüppel2017.json
jtst;Berger2013;systems_software;DIMACS;json;2013;['CDL', 'Automatic'];False;0;;0;https://gsd.uwaterloo.ca/industrial-variability-modeling;https://doi.org/10.1109/TSE.2013.34;feature_models/original/systems_software/jtst/Berger2013.json
lpcmt;Passos2011;systems_software;Clafer;json;2011;['CDL', 'Automatic'];True;0;;0;https://gsd.uwaterloo.ca/FOSD11;https://doi.org/10.1145/2019136.2019139;feature_models/original/systems_software/lpcmt/Passos2011.json
lpcmt;Knüppel2017;systems_software;FeatureIDE;json;2017;['CDL', 'Automatic'];True;0;;0;https://github.com/AlexanderKnueppel/is-there-a-mismatch;https://doi.org/10.1145/3106237.3106252;feature_models/original/systems_software/lpcmt/Knüppel2017.json
lpcmt;Berger2013;systems_software;DIMACS;json;2013;['CDL', 'Automatic'];False;0;;0;https://gsd.uwaterloo.ca/industrial-variability-modeling;https://doi.org/10.1109/TSE.2013.34;feature_models/original/systems_software/lpcmt/Berger2013.json
m5272c3;Passos2011;systems_software;Clafer;json;2011;['CDL', 'Automatic'];True;0;;0;https://gsd.uwaterloo.ca/FOSD11;https://doi.org/10.1145/2019136.2019139;feature_models/original/systems_software/m5272c3/Passos2011.json
m5272c3;Knüppel2017;systems_software;FeatureIDE;json;2017;['CDL', 'Automatic'];True;0;;0;https://github.com/AlexanderKnueppel/is-there-a-mismatch;https://doi.org/10.1145/3106237.3106252;feature_models/original/systems_software/m5272c3/Knüppel2017.json
m5272c3;Berger2013;systems_software;DIMACS;json;2013;['CDL', 'Automatic'];False;0;;0;https://gsd.uwaterloo.ca/industrial-variability-modeling;https://doi.org/10.1109/TSE.2013.34;feature_models/original/systems_software/m5272c3/Berger2013.json
mac7100evb;Passos2011;systems_software;Clafer;json;2011;['CDL', 'Automatic'];True;0;;0;https://gsd.uwaterloo.ca/FOSD11;https://doi.org/10.1145/2019136.2019139;feature_models/original/systems_software/mac7100evb/Passos2011.json
mac7100evb;Knüppel2017;systems_software;FeatureIDE;json;2017;['CDL', 'Automatic'];True;0;;0;https://github.com/AlexanderKnueppel/is-there-a-mismatch;https://doi.org/10.1145/3106237.3106252;feature_models/original/systems_software/mac7100evb/Knüppel2017.json
mac7100evb;Berger2013;systems_software;DIMACS;json;2013;['CDL', 'Automatic'];False;0;;0;https://gsd.uwaterloo.ca/industrial-variability-modeling;https://doi.org/10.1109/TSE.2013.34;feature_models/original/systems_software/mac7100evb/Berger2013.json
mace1;Passos2011;systems_software;Clafer;json;2011;['CDL', 'Automatic'];True;0;;0;https://gsd.uwaterloo.ca/FOSD11;https://doi.org/10.1145/2019136.2019139;feature_models/original/systems_software/mace1/Passos2011.json
mace1;Knüppel2017;systems_software;FeatureIDE;json;2017;['CDL', 'Automatic'];True;0;;0;https://github.com/AlexanderKnueppel/is-there-a-mismatch;https://doi.org/10.1145/3106237.3106252;feature_models/original/systems_software/mace1/Knüppel2017.json
mace1;Berger2013;systems_software;DIMACS;json;2013;['CDL', 'Automatic'];False;0;;0;https://gsd.uwaterloo.ca/industrial-variability-modeling;https://doi.org/10.1109/TSE.2013.34;feature_models/original/systems_software/mace1/Berger2013.json
malta_mips32_4kc;Passos2011;systems_software;Clafer;json;2011;['CDL', 'Automatic'];True;0;;0;https://gsd.uwaterloo.ca/FOSD11;https://doi.org/10.1145/2019136.2019139;feature_models/original/systems_software/malta_mips32_4kc/Passos2011.json
malta_mips32_4kc;Knüppel2017;systems_software;FeatureIDE;json;2017;['CDL', 'Automatic'];True;0;;0;https://github.com/AlexanderKnueppel/is-there-a-mismatch;https://doi.org/10.1145/3106237.3106252;feature_models/original/systems_software/malta_mips32_4kc/Knüppel2017.json
malta_mips32_4kc;Berger2013;systems_software;DIMACS;json;2013;['CDL', 'Automatic'];False;0;;0;https://gsd.uwaterloo.ca/industrial-variability-modeling;https://doi.org/10.1109/TSE.2013.34;feature_models/original/systems_software/malta_mips32_4kc/Berger2013.json
malta_mips64_5kc;Passos2011;systems_software;Clafer;json;2011;['CDL', 'Automatic'];True;0;;0;https://gsd.uwaterloo.ca/FOSD11;https://doi.org/10.1145/2019136.2019139;feature_models/original/systems_software/malta_mips64_5kc/Passos2011.json
malta_mips64_5kc;Knüppel2017;systems_software;FeatureIDE;json;2017;['CDL', 'Automatic'];True;0;;0;https://github.com/AlexanderKnueppel/is-there-a-mismatch;https://doi.org/10.1145/3106237.3106252;feature_models/original/systems_software/malta_mips64_5kc/Knüppel2017.json
malta_mips64_5kc;Berger2013;systems_software;DIMACS;json;2013;['CDL', 'Automatic'];False;0;;0;https://gsd.uwaterloo.ca/industrial-variability-modeling;https://doi.org/10.1109/TSE.2013.34;feature_models/original/systems_software/malta_mips64_5kc/Berger2013.json
mb93091;Passos2011;systems_software;Clafer;json;2011;['CDL', 'Automatic'];True;0;;0;https://gsd.uwaterloo.ca/FOSD11;https://doi.org/10.1145/2019136.2019139;feature_models/original/systems_software/mb93091/Passos2011.json
mb93091;Knüppel2017;systems_software;FeatureIDE;json;2017;['CDL', 'Automatic'];True;0;;0;https://github.com/AlexanderKnueppel/is-there-a-mismatch;https://doi.org/10.1145/3106237.3106252;feature_models/original/systems_software/mb93091/Knüppel2017.json
mb93091;Berger2013;systems_software;DIMACS;json;2013;['CDL', 'Automatic'];False;0;;0;https://gsd.uwaterloo.ca/industrial-variability-modeling;https://doi.org/10.1109/TSE.2013.34;feature_models/original/systems_software/mb93091/Berger2013.json
mb93093;Passos2011;systems_software;Clafer;json;2011;['CDL', 'Automatic'];True;0;;0;https://gsd.uwaterloo.ca/FOSD11;https://doi.org/10.1145/2019136.2019139;feature_models/original/systems_software/mb93093/Passos2011.json
mb93093;Knüppel2017;systems_software;FeatureIDE;json;2017;['CDL', 'Automatic'];True;0;;0;https://github.com/AlexanderKnueppel/is-there-a-mismatch;https://doi.org/10.1145/3106237.3106252;feature_models/original/systems_software/mb93093/Knüppel2017.json
mb93093;Berger2013;systems_software;DIMACS;json;2013;['CDL', 'Automatic'];False;0;;0;https://gsd.uwaterloo.ca/industrial-variability-modeling;https://doi.org/10.1109/TSE.2013.34;feature_models/original/systems_software/mb93093/Berger2013.json
mbx;Passos2011;systems_software;Clafer;json;2011;['CDL', 'Automatic'];True;0;;0;https://gsd.uwaterloo.ca/FOSD11;https://doi.org/10.1145/2019136.2019139;feature_models/original/systems_software/mbx/Passos2011.json
mbx;Knüppel2017;systems_software;FeatureIDE;json;2017;['CDL', 'Automatic'];True;0;;0;https://github.com/AlexanderKnueppel/is-there-a-mismatch;https://doi.org/10.1145/3106237.3106252;feature_models/original/systems_software/mbx/Knüppel2017.json
mbx;Berger2013;systems_software;DIMACS;json;2013;['CDL', 'Automatic'];False;0;;0;https://gsd.uwaterloo.ca/industrial-variability-modeling;https://doi.org/10.1109/TSE.2013.34;feature_models/original/systems_software/mbx/Berger2013.json
mcb2100;Passos2011;systems_software;Clafer;json;2011;['CDL', 'Automatic'];True;0;;0;https://gsd.uwaterloo.ca/FOSD11;https://doi.org/10.1145/2019136.2019139;feature_models/original/systems_software/mcb2100/Passos2011.json
mcb2100;Knüppel2017;systems_software;FeatureIDE;json;2017;['CDL', 'Automatic'];True;0;;0;https://github.com/AlexanderKnueppel/is-there-a-mismatch;https://doi.org/10.1145/3106237.3106252;feature_models/original/systems_software/mcb2100/Knüppel2017.json
mcb2100;Berger2013;systems_software;DIMACS;json;2013;['CDL', 'Automatic'];False;0;;0;https://gsd.uwaterloo.ca/industrial-variability-modeling;https://doi.org/10.1109/TSE.2013.34;feature_models/original/systems_software/mcb2100/Berger2013.json
moab;Passos2011;systems_software;Clafer;json;2011;['CDL', 'Automatic'];True;0;;0;https://gsd.uwaterloo.ca/FOSD11;https://doi.org/10.1145/2019136.2019139;feature_models/original/systems_software/moab/Passos2011.json
moab;Knüppel2017;systems_software;FeatureIDE;json;2017;['CDL', 'Automatic'];True;0;;0;https://github.com/AlexanderKnueppel/is-there-a-mismatch;https://doi.org/10.1145/3106237.3106252;feature_models/original/systems_software/moab/Knüppel2017.json
moab;Berger2013;systems_software;DIMACS;json;2013;['CDL', 'Automatic'];False;0;;0;https://gsd.uwaterloo.ca/industrial-variability-modeling;https://doi.org/10.1109/TSE.2013.34;feature_models/original/systems_software/moab/Berger2013.json
mpc50;Passos2011;systems_software;Clafer;json;2011;['CDL', 'Automatic'];True;0;;0;https://gsd.uwaterloo.ca/FOSD11;https://doi.org/10.1145/2019136.2019139;feature_models/original/systems_software/mpc50/Passos2011.json
mpc50;Knüppel2017;systems_software;FeatureIDE;json;2017;['CDL', 'Automatic'];True;0;;0;https://github.com/AlexanderKnueppel/is-there-a-mismatch;https://doi.org/10.1145/3106237.3106252;feature_models/original/systems_software/mpc50/Knüppel2017.json
mpc50;Berger2013;systems_software;DIMACS;json;2013;['CDL', 'Automatic'];False;0;;0;https://gsd.uwaterloo.ca/industrial-variability-modeling;https://doi.org/10.1109/TSE.2013.34;feature_models/original/systems_software/mpc50/Berger2013.json
nano;Passos2011;systems_software;Clafer;json;2011;['CDL', 'Automatic'];True;0;;0;https://gsd.uwaterloo.ca/FOSD11;https://doi.org/10.1145/2019136.2019139;feature_models/original/systems_software/nano/Passos2011.json
nano;Knüppel2017;systems_software;FeatureIDE;json;2017;['CDL', 'Automatic'];True;0;;0;https://github.com/AlexanderKnueppel/is-there-a-mismatch;https://doi.org/10.1145/3106237.3106252;feature_models/original/systems_software/nano/Knüppel2017.json
nano;Berger2013;systems_software;DIMACS;json;2013;['CDL', 'Automatic'];False;0;;0;https://gsd.uwaterloo.ca/industrial-variability-modeling;https://doi.org/10.1109/TSE.2013.34;feature_models/original/systems_software/nano/Berger2013.json
npwr;Passos2011;systems_software;Clafer;json;2011;['CDL', 'Automatic'];True;0;;0;https://gsd.uwaterloo.ca/FOSD11;https://doi.org/10.1145/2019136.2019139;feature_models/original/systems_software/npwr/Passos2011.json
npwr;Knüppel2017;systems_software;FeatureIDE;json;2017;['CDL', 'Automatic'];True;0;;0;https://github.com/AlexanderKnueppel/is-there-a-mismatch;https://doi.org/10.1145/3106237.3106252;feature_models/original/systems_software/npwr/Knüppel2017.json
npwr;Berger2013;systems_software;DIMACS;json;2013;['CDL', 'Automatic'];False;0;;0;https://gsd.uwaterloo.ca/industrial-variability-modeling;https://doi.org/10.1109/TSE.2013.34;feature_models/original/systems_software/npwr/Berger2013.json
ocelot;Passos2011;systems_software;Clafer;json;2011;['CDL', 'Automatic'];True;0;;0;https://gsd.uwaterloo.ca/FOSD11;https://doi.org/10.1145/2019136.2019139;feature_models/original/systems_software/ocelot/Passos2011.json
ocelot;Knüppel2017;systems_software;FeatureIDE;json;2017;['CDL', 'Automatic'];True;0;;0;https://github.com/AlexanderKnueppel/is-there-a-mismatch;https://doi.org/10.1145/3106237.3106252;feature_models/original/systems_software/ocelot/Knüppel2017.json
ocelot;Berger2013;systems_software;DIMACS;json;2013;['CDL', 'Automatic'];False;0;;0;https://gsd.uwaterloo.ca/industrial-variability-modeling;https://doi.org/10.1109/TSE.2013.34;feature_models/original/systems_software/ocelot/Berger2013.json
olpce2294;Passos2011;systems_software;Clafer;json;2011;['CDL', 'Automatic'];True;0;;0;https://gsd.uwaterloo.ca/FOSD11;https://doi.org/10.1145/2019136.2019139;feature_models/original/systems_software/olpce2294/Passos2011.json
olpce2294;Knüppel2017;systems_software;FeatureIDE;json;2017;['CDL', 'Automatic'];True;0;;0;https://github.com/AlexanderKnueppel/is-there-a-mismatch;https://doi.org/10.1145/3106237.3106252;feature_models/original/systems_software/olpce2294/Knüppel2017.json
olpce2294;Berger2013;systems_software;DIMACS;json;2013;['CDL', 'Automatic'];False;0;;0;https://gsd.uwaterloo.ca/industrial-variability-modeling;https://doi.org/10.1109/TSE.2013.34;feature_models/original/systems_software/olpce2294/Berger2013.json
olpch2294;Passos2011;systems_software;Clafer;json;2011;['CDL', 'Automatic'];True;0;;0;https://gsd.uwaterloo.ca/FOSD11;https://doi.org/10.1145/2019136.2019139;feature_models/original/systems_software/olpch2294/Passos2011.json
olpch2294;Knüppel2017;systems_software;FeatureIDE;json;2017;['CDL', 'Automatic'];True;0;;0;https://github.com/AlexanderKnueppel/is-there-a-mismatch;https://doi.org/10.1145/3106237.3106252;feature_models/original/systems_software/olpch2294/Knüppel2017.json
olpch2294;Berger2013;systems_software;DIMACS;json;2013;['CDL', 'Automatic'];False;0;;0;https://gsd.uwaterloo.ca/industrial-variability-modeling;https://doi.org/10.1109/TSE.2013.34;feature_models/original/systems_software/olpch2294/Berger2013.json
olpcl2294;Passos2011;systems_software;Clafer;json;2011;['CDL', 'Automatic'];True;0;;0;https://gsd.uwaterloo.ca/FOSD11;https://doi.org/10.1145/2019136.2019139;feature_models/original/systems_software/olpcl2294/Passos2011.json
olpcl2294;Knüppel2017;systems_software;FeatureIDE;json;2017;['CDL', 'Automatic'];True;0;;0;https://github.com/AlexanderKnueppel/is-there-a-mismatch;https://doi.org/10.1145/3106237.3106252;feature_models/original/systems_software/olpcl2294/Knüppel2017.json
olpcl2294;Berger2013;systems_software;DIMACS;json;2013;['CDL', 'Automatic'];False;0;;0;https://gsd.uwaterloo.ca/industrial-variability-modeling;https://doi.org/10.1109/TSE.2013.34;feature_models/original/systems_software/olpcl2294/Berger2013.json
p2106;Passos2011;systems_software;Clafer;json;2011;['CDL', 'Automatic'];True;0;;0;https://gsd.uwaterloo.ca/FOSD11;https://doi.org/10.1145/2019136.2019139;feature_models/original/systems_software/p2106/Passos2011.json
p2106;Knüppel2017;systems_software;FeatureIDE;json;2017;['CDL', 'Automatic'];True;0;;0;https://github.com/AlexanderKnueppel/is-there-a-mismatch;https://doi.org/10.1145/3106237.3106252;feature_models/original/systems_software/p2106/Knüppel2017.json
p2106;Berger2013;systems_software;DIMACS;json;2013;['CDL', 'Automatic'];False;0;;0;https://gsd.uwaterloo.ca/industrial-variability-modeling;https://doi.org/10.1109/TSE.2013.34;feature_models/original/systems_software/p2106/Berger2013.json
pati;Passos2011;systems_software;Clafer;json;2011;['CDL', 'Automatic'];True;0;;0;https://gsd.uwaterloo.ca/FOSD11;https://doi.org/10.1145/2019136.2019139;feature_models/original/systems_software/pati/Passos2011.json
pati;Knüppel2017;systems_software;FeatureIDE;json;2017;['CDL', 'Automatic'];True;0;;0;https://github.com/AlexanderKnueppel/is-there-a-mismatch;https://doi.org/10.1145/3106237.3106252;feature_models/original/systems_software/pati/Knüppel2017.json
pati;Berger2013;systems_software;DIMACS;json;2013;['CDL', 'Automatic'];False;0;;0;https://gsd.uwaterloo.ca/industrial-variability-modeling;https://doi.org/10.1109/TSE.2013.34;feature_models/original/systems_software/pati/Berger2013.json
pc_i82544;Passos2011;systems_software;Clafer;json;2011;['CDL', 'Automatic'];True;0;;0;https://gsd.uwaterloo.ca/FOSD11;https://doi.org/10.1145/2019136.2019139;feature_models/original/systems_software/pc_i82544/Passos2011.json
pc_i82544;Knüppel2017;systems_software;FeatureIDE;json;2017;['CDL', 'Automatic'];True;0;;0;https://github.com/AlexanderKnueppel/is-there-a-mismatch;https://doi.org/10.1145/3106237.3106252;feature_models/original/systems_software/pc_i82544/Knüppel2017.json
pc_i82544;Berger2013;systems_software;DIMACS;json;2013;['CDL', 'Automatic'];False;0;;0;https://gsd.uwaterloo.ca/industrial-variability-modeling;https://doi.org/10.1109/TSE.2013.34;feature_models/original/systems_software/pc_i82544/Berger2013.json
pc_i82559;Passos2011;systems_software;Clafer;json;2011;['CDL', 'Automatic'];True;0;;0;https://gsd.uwaterloo.ca/FOSD11;https://doi.org/10.1145/2019136.2019139;feature_models/original/systems_software/pc_i82559/Passos2011.json
pc_i82559;Knüppel2017;systems_software;FeatureIDE;json;2017;['CDL', 'Automatic'];True;0;;0;https://github.com/AlexanderKnueppel/is-there-a-mismatch;https://doi.org/10.1145/3106237.3106252;feature_models/original/systems_software/pc_i82559/Knüppel2017.json
pc_i82559;Berger2013;systems_software;DIMACS;json;2013;['CDL', 'Automatic'];False;0;;0;https://gsd.uwaterloo.ca/industrial-variability-modeling;https://doi.org/10.1109/TSE.2013.34;feature_models/original/systems_software/pc_i82559/Berger2013.json
pc_rltk8139;Passos2011;systems_software;Clafer;json;2011;['CDL', 'Automatic'];True;0;;0;https://gsd.uwaterloo.ca/FOSD11;https://doi.org/10.1145/2019136.2019139;feature_models/original/systems_software/pc_rltk8139/Passos2011.json
pc_rltk8139;Knüppel2017;systems_software;FeatureIDE;json;2017;['CDL', 'Automatic'];True;0;;0;https://github.com/AlexanderKnueppel/is-there-a-mismatch;https://doi.org/10.1145/3106237.3106252;feature_models/original/systems_software/pc_rltk8139/Knüppel2017.json
pc_rltk8139;Berger2013;systems_software;DIMACS;json;2013;['CDL', 'Automatic'];False;0;;0;https://gsd.uwaterloo.ca/industrial-variability-modeling;https://doi.org/10.1109/TSE.2013.34;feature_models/original/systems_software/pc_rltk8139/Berger2013.json
pc_usb_d12;Passos2011;systems_software;Clafer;json;2011;['CDL', 'Automatic'];True;0;;0;https://gsd.uwaterloo.ca/FOSD11;https://doi.org/10.1145/2019136.2019139;feature_models/original/systems_software/pc_usb_d12/Passos2011.json
pc_usb_d12;Knüppel2017;systems_software;FeatureIDE;json;2017;['CDL', 'Automatic'];True;0;;0;https://github.com/AlexanderKnueppel/is-there-a-mismatch;https://doi.org/10.1145/3106237.3106252;feature_models/original/systems_software/pc_usb_d12/Knüppel2017.json
pc_usb_d12;Berger2013;systems_software;DIMACS;json;2013;['CDL', 'Automatic'];False;0;;0;https://gsd.uwaterloo.ca/industrial-variability-modeling;https://doi.org/10.1109/TSE.2013.34;feature_models/original/systems_software/pc_usb_d12/Berger2013.json
pc_vmWare;Passos2011;systems_software;Clafer;json;2011;['CDL', 'Automatic'];True;0;;0;https://gsd.uwaterloo.ca/FOSD11;https://doi.org/10.1145/2019136.2019139;feature_models/original/systems_software/pc_vmWare/Passos2011.json
pc_vmWare;Knüppel2017;systems_software;FeatureIDE;json;2017;['CDL', 'Automatic'];True;0;;0;https://github.com/AlexanderKnueppel/is-there-a-mismatch;https://doi.org/10.1145/3106237.3106252;feature_models/original/systems_software/pc_vmWare/Knüppel2017.json
pc_vmWare;Berger2013;systems_software;DIMACS;json;2013;['CDL', 'Automatic'];False;0;;0;https://gsd.uwaterloo.ca/industrial-variability-modeling;https://doi.org/10.1109/TSE.2013.34;feature_models/original/systems_software/pc_vmWare/Berger2013.json
phycore;Passos2011;systems_software;Clafer;json;2011;['CDL', 'Automatic'];True;0;;0;https://gsd.uwaterloo.ca/FOSD11;https://doi.org/10.1145/2019136.2019139;feature_models/original/systems_software/phycore/Passos2011.json
phycore;Knüppel2017;systems_software;FeatureIDE;json;2017;['CDL', 'Automatic'];True;0;;0;https://github.com/AlexanderKnueppel/is-there-a-mismatch;https://doi.org/10.1145/3106237.3106252;feature_models/original/systems_software/phycore/Knüppel2017.json
phycore;Berger2013;systems_software;DIMACS;json;2013;['CDL', 'Automatic'];False;0;;0;https://gsd.uwaterloo.ca/industrial-variability-modeling;https://doi.org/10.1109/TSE.2013.34;feature_models/original/systems_software/phycore/Berger2013.json
phycore229x;Passos2011;systems_software;Clafer;json;2011;['CDL', 'Automatic'];True;0;;0;https://gsd.uwaterloo.ca/FOSD11;https://doi.org/10.1145/2019136.2019139;feature_models/original/systems_software/phycore229x/Passos2011.json
phycore229x;Knüppel2017;systems_software;FeatureIDE;json;2017;['CDL', 'Automatic'];True;0;;0;https://github.com/AlexanderKnueppel/is-there-a-mismatch;https://doi.org/10.1145/3106237.3106252;feature_models/original/systems_software/phycore229x/Knüppel2017.json
phycore229x;Berger2013;systems_software;DIMACS;json;2013;['CDL', 'Automatic'];False;0;;0;https://gsd.uwaterloo.ca/industrial-variability-modeling;https://doi.org/10.1109/TSE.2013.34;feature_models/original/systems_software/phycore229x/Berger2013.json
picasso;Passos2011;systems_software;Clafer;json;2011;['CDL', 'Automatic'];True;0;;0;https://gsd.uwaterloo.ca/FOSD11;https://doi.org/10.1145/2019136.2019139;feature_models/original/systems_software/picasso/Passos2011.json
picasso;Knüppel2017;systems_software;FeatureIDE;json;2017;['CDL', 'Automatic'];True;0;;0;https://github.com/AlexanderKnueppel/is-there-a-mismatch;https://doi.org/10.1145/3106237.3106252;feature_models/original/systems_software/picasso/Knüppel2017.json
picasso;Berger2013;systems_software;DIMACS;json;2013;['CDL', 'Automatic'];False;0;;0;https://gsd.uwaterloo.ca/industrial-variability-modeling;https://doi.org/10.1109/TSE.2013.34;feature_models/original/systems_software/picasso/Berger2013.json
pid;Passos2011;systems_software;Clafer;json;2011;['CDL', 'Automatic'];True;0;;0;https://gsd.uwaterloo.ca/FOSD11;https://doi.org/10.1145/2019136.2019139;feature_models/original/systems_software/pid/Passos2011.json
pid;Knüppel2017;systems_software;FeatureIDE;json;2017;['CDL', 'Automatic'];True;0;;0;https://github.com/AlexanderKnueppel/is-there-a-mismatch;https://doi.org/10.1145/3106237.3106252;feature_models/original/systems_software/pid/Knüppel2017.json
pid;Berger2013;systems_software;DIMACS;json;2013;['CDL', 'Automatic'];False;0;;0;https://gsd.uwaterloo.ca/industrial-variability-modeling;https://doi.org/10.1109/TSE.2013.34;feature_models/original/systems_software/pid/Berger2013.json
prpmc1100;Passos2011;systems_software;Clafer;json;2011;['CDL', 'Automatic'];True;0;;0;https://gsd.uwaterloo.ca/FOSD11;https://doi.org/10.1145/2019136.2019139;feature_models/original/systems_software/prpmc1100/Passos2011.json
prpmc1100;Knüppel2017;systems_software;FeatureIDE;json;2017;['CDL', 'Automatic'];True;0;;0;https://github.com/AlexanderKnueppel/is-there-a-mismatch;https://doi.org/10.1145/3106237.3106252;feature_models/original/systems_software/prpmc1100/Knüppel2017.json
prpmc1100;Berger2013;systems_software;DIMACS;json;2013;['CDL', 'Automatic'];False;0;;0;https://gsd.uwaterloo.ca/industrial-variability-modeling;https://doi.org/10.1109/TSE.2013.34;feature_models/original/systems_software/prpmc1100/Berger2013.json
psim;Passos2011;systems_software;Clafer;json;2011;['CDL', 'Automatic'];True;0;;0;https://gsd.uwaterloo.ca/FOSD11;https://doi.org/10.1145/2019136.2019139;feature_models/original/systems_software/psim/Passos2011.json
psim;Knüppel2017;systems_software;FeatureIDE;json;2017;['CDL', 'Automatic'];True;0;;0;https://github.com/AlexanderKnueppel/is-there-a-mismatch;https://doi.org/10.1145/3106237.3106252;feature_models/original/systems_software/psim/Knüppel2017.json
psim;Berger2013;systems_software;DIMACS;json;2013;['CDL', 'Automatic'];False;0;;0;https://gsd.uwaterloo.ca/industrial-variability-modeling;https://doi.org/10.1109/TSE.2013.34;feature_models/original/systems_software/psim/Berger2013.json
rattler;Passos2011;systems_software;Clafer;json;2011;['CDL', 'Automatic'];True;0;;0;https://gsd.uwaterloo.ca/FOSD11;https://doi.org/10.1145/2019136.2019139;feature_models/original/systems_software/rattler/Passos2011.json
rattler;Knüppel2017;systems_software;FeatureIDE;json;2017;['CDL', 'Automatic'];True;0;;0;https://github.com/AlexanderKnueppel/is-there-a-mismatch;https://doi.org/10.1145/3106237.3106252;feature_models/original/systems_software/rattler/Knüppel2017.json
rattler;Berger2013;systems_software;DIMACS;json;2013;['CDL', 'Automatic'];False;0;;0;https://gsd.uwaterloo.ca/industrial-variability-modeling;https://doi.org/10.1109/TSE.2013.34;feature_models/original/systems_software/rattler/Berger2013.json
ref4955;Passos2011;systems_software;Clafer;json;2011;['CDL', 'Automatic'];True;0;;0;https://gsd.uwaterloo.ca/FOSD11;https://doi.org/10.1145/2019136.2019139;feature_models/original/systems_software/ref4955/Passos2011.json
ref4955;Knüppel2017;systems_software;FeatureIDE;json;2017;['CDL', 'Automatic'];True;0;;0;https://github.com/AlexanderKnueppel/is-there-a-mismatch;https://doi.org/10.1145/3106237.3106252;feature_models/original/systems_software/ref4955/Knüppel2017.json
ref4955;Berger2013;systems_software;DIMACS;json;2013;['CDL', 'Automatic'];False;0;;0;https://gsd.uwaterloo.ca/industrial-variability-modeling;https://doi.org/10.1109/TSE.2013.34;feature_models/original/systems_software/ref4955/Berger2013.json
refidt334;Passos2011;systems_software;Clafer;json;2011;['CDL', 'Automatic'];True;0;;0;https://gsd.uwaterloo.ca/FOSD11;https://doi.org/10.1145/2019136.2019139;feature_models/original/systems_software/refidt334/Passos2011.json
refidt334;Knüppel2017;systems_software;FeatureIDE;json;2017;['CDL', 'Automatic'];True;0;;0;https://github.com/AlexanderKnueppel/is-there-a-mismatch;https://doi.org/10.1145/3106237.3106252;feature_models/original/systems_software/refidt334/Knüppel2017.json
refidt334;Berger2013;systems_software;DIMACS;json;2013;['CDL', 'Automatic'];False;0;;0;https://gsd.uwaterloo.ca/industrial-variability-modeling;https://doi.org/10.1109/TSE.2013.34;feature_models/original/systems_software/refidt334/Berger2013.json
sa1100mm;Passos2011;systems_software;Clafer;json;2011;['CDL', 'Automatic'];True;0;;0;https://gsd.uwaterloo.ca/FOSD11;https://doi.org/10.1145/2019136.2019139;feature_models/original/systems_software/sa1100mm/Passos2011.json
sa1100mm;Knüppel2017;systems_software;FeatureIDE;json;2017;['CDL', 'Automatic'];True;0;;0;https://github.com/AlexanderKnueppel/is-there-a-mismatch;https://doi.org/10.1145/3106237.3106252;feature_models/original/systems_software/sa1100mm/Knüppel2017.json
sa1100mm;Berger2013;systems_software;DIMACS;json;2013;['CDL', 'Automatic'];False;0;;0;https://gsd.uwaterloo.ca/industrial-variability-modeling;https://doi.org/10.1109/TSE.2013.34;feature_models/original/systems_software/sa1100mm/Berger2013.json
sam7ex256;Passos2011;systems_software;Clafer;json;2011;['CDL', 'Automatic'];True;0;;0;https://gsd.uwaterloo.ca/FOSD11;https://doi.org/10.1145/2019136.2019139;feature_models/original/systems_software/sam7ex256/Passos2011.json
sam7ex256;Knüppel2017;systems_software;FeatureIDE;json;2017;['CDL', 'Automatic'];True;0;;0;https://github.com/AlexanderKnueppel/is-there-a-mismatch;https://doi.org/10.1145/3106237.3106252;feature_models/original/systems_software/sam7ex256/Knüppel2017.json
sam7ex256;Berger2013;systems_software;DIMACS;json;2013;['CDL', 'Automatic'];False;0;;0;https://gsd.uwaterloo.ca/industrial-variability-modeling;https://doi.org/10.1109/TSE.2013.34;feature_models/original/systems_software/sam7ex256/Berger2013.json
se7751;Passos2011;systems_software;Clafer;json;2011;['CDL', 'Automatic'];True;0;;0;https://gsd.uwaterloo.ca/FOSD11;https://doi.org/10.1145/2019136.2019139;feature_models/original/systems_software/se7751/Passos2011.json
se7751;Knüppel2017;systems_software;FeatureIDE;json;2017;['CDL', 'Automatic'];True;0;;0;https://github.com/AlexanderKnueppel/is-there-a-mismatch;https://doi.org/10.1145/3106237.3106252;feature_models/original/systems_software/se7751/Knüppel2017.json
se7751;Berger2013;systems_software;DIMACS;json;2013;['CDL', 'Automatic'];False;0;;0;https://gsd.uwaterloo.ca/industrial-variability-modeling;https://doi.org/10.1109/TSE.2013.34;feature_models/original/systems_software/se7751/Berger2013.json
se77x9;Passos2011;systems_software;Clafer;json;2011;['CDL', 'Automatic'];True;0;;0;https://gsd.uwaterloo.ca/FOSD11;https://doi.org/10.1145/2019136.2019139;feature_models/original/systems_software/se77x9/Passos2011.json
se77x9;Knüppel2017;systems_software;FeatureIDE;json;2017;['CDL', 'Automatic'];True;0;;0;https://github.com/AlexanderKnueppel/is-there-a-mismatch;https://doi.org/10.1145/3106237.3106252;feature_models/original/systems_software/se77x9/Knüppel2017.json
se77x9;Berger2013;systems_software;DIMACS;json;2013;['CDL', 'Automatic'];False;0;;0;https://gsd.uwaterloo.ca/industrial-variability-modeling;https://doi.org/10.1109/TSE.2013.34;feature_models/original/systems_software/se77x9/Berger2013.json
sh4_202_md;Passos2011;systems_software;Clafer;json;2011;['CDL', 'Automatic'];True;0;;0;https://gsd.uwaterloo.ca/FOSD11;https://doi.org/10.1145/2019136.2019139;feature_models/original/systems_software/sh4_202_md/Passos2011.json
sh4_202_md;Knüppel2017;systems_software;FeatureIDE;json;2017;['CDL', 'Automatic'];True;0;;0;https://github.com/AlexanderKnueppel/is-there-a-mismatch;https://doi.org/10.1145/3106237.3106252;feature_models/original/systems_software/sh4_202_md/Knüppel2017.json
sh4_202_md;Berger2013;systems_software;DIMACS;json;2013;['CDL', 'Automatic'];False;0;;0;https://gsd.uwaterloo.ca/industrial-variability-modeling;https://doi.org/10.1109/TSE.2013.34;feature_models/original/systems_software/sh4_202_md/Berger2013.json
sh7708;Passos2011;systems_software;Clafer;json;2011;['CDL', 'Automatic'];True;0;;0;https://gsd.uwaterloo.ca/FOSD11;https://doi.org/10.1145/2019136.2019139;feature_models/original/systems_software/sh7708/Passos2011.json
sh7708;Knüppel2017;systems_software;FeatureIDE;json;2017;['CDL', 'Automatic'];True;0;;0;https://github.com/AlexanderKnueppel/is-there-a-mismatch;https://doi.org/10.1145/3106237.3106252;feature_models/original/systems_software/sh7708/Knüppel2017.json
sh7708;Berger2013;systems_software;DIMACS;json;2013;['CDL', 'Automatic'];False;0;;0;https://gsd.uwaterloo.ca/industrial-variability-modeling;https://doi.org/10.1109/TSE.2013.34;feature_models/original/systems_software/sh7708/Berger2013.json
skmb91302;Passos2011;systems_software;Clafer;json;2011;['CDL', 'Automatic'];True;0;;0;https://gsd.uwaterloo.ca/FOSD11;https://doi.org/10.1145/2019136.2019139;feature_models/original/systems_software/skmb91302/Passos2011.json
skmb91302;Knüppel2017;systems_software;FeatureIDE;json;2017;['CDL', 'Automatic'];True;0;;0;https://github.com/AlexanderKnueppel/is-there-a-mismatch;https://doi.org/10.1145/3106237.3106252;feature_models/original/systems_software/skmb91302/Knüppel2017.json
skmb91302;Berger2013;systems_software;DIMACS;json;2013;['CDL', 'Automatic'];False;0;;0;https://gsd.uwaterloo.ca/industrial-variability-modeling;https://doi.org/10.1109/TSE.2013.34;feature_models/original/systems_software/skmb91302/Berger2013.json
sleb;Passos2011;systems_software;Clafer;json;2011;['CDL', 'Automatic'];True;0;;0;https://gsd.uwaterloo.ca/FOSD11;https://doi.org/10.1145/2019136.2019139;feature_models/original/systems_software/sleb/Passos2011.json
sleb;Knüppel2017;systems_software;FeatureIDE;json;2017;['CDL', 'Automatic'];True;0;;0;https://github.com/AlexanderKnueppel/is-there-a-mismatch;https://doi.org/10.1145/3106237.3106252;feature_models/original/systems_software/sleb/Knüppel2017.json
sleb;Berger2013;systems_software;DIMACS;json;2013;['CDL', 'Automatic'];False;0;;0;https://gsd.uwaterloo.ca/industrial-variability-modeling;https://doi.org/10.1109/TSE.2013.34;feature_models/original/systems_software/sleb/Berger2013.json
smdk2410;Passos2011;systems_software;Clafer;json;2011;['CDL', 'Automatic'];True;0;;0;https://gsd.uwaterloo.ca/FOSD11;https://doi.org/10.1145/2019136.2019139;feature_models/original/systems_software/smdk2410/Passos2011.json
smdk2410;Knüppel2017;systems_software;FeatureIDE;json;2017;['CDL', 'Automatic'];True;0;;0;https://github.com/AlexanderKnueppel/is-there-a-mismatch;https://doi.org/10.1145/3106237.3106252;feature_models/original/systems_software/smdk2410/Knüppel2017.json
smdk2410;Berger2013;systems_software;DIMACS;json;2013;['CDL', 'Automatic'];False;0;;0;https://gsd.uwaterloo.ca/industrial-variability-modeling;https://doi.org/10.1109/TSE.2013.34;feature_models/original/systems_software/smdk2410/Berger2013.json
snds;Passos2011;systems_software;Clafer;json;2011;['CDL', 'Automatic'];True;0;;0;https://gsd.uwaterloo.ca/FOSD11;https://doi.org/10.1145/2019136.2019139;feature_models/original/systems_software/snds/Passos2011.json
snds;Knüppel2017;systems_software;FeatureIDE;json;2017;['CDL', 'Automatic'];True;0;;0;https://github.com/AlexanderKnueppel/is-there-a-mismatch;https://doi.org/10.1145/3106237.3106252;feature_models/original/systems_software/snds/Knüppel2017.json
snds;Berger2013;systems_software;DIMACS;json;2013;['CDL', 'Automatic'];False;0;;0;https://gsd.uwaterloo.ca/industrial-variability-modeling;https://doi.org/10.1109/TSE.2013.34;feature_models/original/systems_software/snds/Berger2013.json
sparc_erc32;Passos2011;systems_software;Clafer;json;2011;['CDL', 'Automatic'];True;0;;0;https://gsd.uwaterloo.ca/FOSD11;https://doi.org/10.1145/2019136.2019139;feature_models/original/systems_software/sparc_erc32/Passos2011.json
sparc_erc32;Knüppel2017;systems_software;FeatureIDE;json;2017;['CDL', 'Automatic'];True;0;;0;https://github.com/AlexanderKnueppel/is-there-a-mismatch;https://doi.org/10.1145/3106237.3106252;feature_models/original/systems_software/sparc_erc32/Knüppel2017.json
sparc_erc32;Berger2013;systems_software;DIMACS;json;2013;['CDL', 'Automatic'];False;0;;0;https://gsd.uwaterloo.ca/industrial-variability-modeling;https://doi.org/10.1109/TSE.2013.34;feature_models/original/systems_software/sparc_erc32/Berger2013.json
sparc_leon;Passos2011;systems_software;Clafer;json;2011;['CDL', 'Automatic'];True;0;;0;https://gsd.uwaterloo.ca/FOSD11;https://doi.org/10.1145/2019136.2019139;feature_models/original/systems_software/sparc_leon/Passos2011.json
sparc_leon;Knüppel2017;systems_software;FeatureIDE;json;2017;['CDL', 'Automatic'];True;0;;0;https://github.com/AlexanderKnueppel/is-there-a-mismatch;https://doi.org/10.1145/3106237.3106252;feature_models/original/systems_software/sparc_leon/Knüppel2017.json
sparc_leon;Berger2013;systems_software;DIMACS;json;2013;['CDL', 'Automatic'];False;0;;0;https://gsd.uwaterloo.ca/industrial-variability-modeling;https://doi.org/10.1109/TSE.2013.34;feature_models/original/systems_software/sparc_leon/Berger2013.json
sparclite_sim;Passos2011;systems_software;Clafer;json;2011;['CDL', 'Automatic'];True;0;;0;https://gsd.uwaterloo.ca/FOSD11;https://doi.org/10.1145/2019136.2019139;feature_models/original/systems_software/sparclite_sim/Passos2011.json
sparclite_sim;Knüppel2017;systems_software;FeatureIDE;json;2017;['CDL', 'Automatic'];True;0;;0;https://github.com/AlexanderKnueppel/is-there-a-mismatch;https://doi.org/10.1145/3106237.3106252;feature_models/original/systems_software/sparclite_sim/Knüppel2017.json
sparclite_sim;Berger2013;systems_software;DIMACS;json;2013;['CDL', 'Automatic'];False;0;;0;https://gsd.uwaterloo.ca/industrial-variability-modeling;https://doi.org/10.1109/TSE.2013.34;feature_models/original/systems_software/sparclite_sim/Berger2013.json
stb;Passos2011;systems_software;Clafer;json;2011;['CDL', 'Automatic'];True;0;;0;https://gsd.uwaterloo.ca/FOSD11;https://doi.org/10.1145/2019136.2019139;feature_models/original/systems_software/stb/Passos2011.json
stb;Knüppel2017;systems_software;FeatureIDE;json;2017;['CDL', 'Automatic'];True;0;;0;https://github.com/AlexanderKnueppel/is-there-a-mismatch;https://doi.org/10.1145/3106237.3106252;feature_models/original/systems_software/stb/Knüppel2017.json
stb;Berger2013;systems_software;DIMACS;json;2013;['CDL', 'Automatic'];False;0;;0;https://gsd.uwaterloo.ca/industrial-variability-modeling;https://doi.org/10.1109/TSE.2013.34;feature_models/original/systems_software/stb/Berger2013.json
stdeval1;Passos2011;systems_software;Clafer;json;2011;['CDL', 'Automatic'];True;0;;0;https://gsd.uwaterloo.ca/FOSD11;https://doi.org/10.1145/2019136.2019139;feature_models/original/systems_software/stdeval1/Passos2011.json
stdeval1;Knüppel2017;systems_software;FeatureIDE;json;2017;['CDL', 'Automatic'];True;0;;0;https://github.com/AlexanderKnueppel/is-there-a-mismatch;https://doi.org/10.1145/3106237.3106252;feature_models/original/systems_software/stdeval1/Knüppel2017.json
stdeval1;Berger2013;systems_software;DIMACS;json;2013;['CDL', 'Automatic'];False;0;;0;https://gsd.uwaterloo.ca/industrial-variability-modeling;https://doi.org/10.1109/TSE.2013.34;feature_models/original/systems_software/stdeval1/Berger2013.json
stm3210e_eval;Passos2011;systems_software;Clafer;json;2011;['CDL', 'Automatic'];True;0;;0;https://gsd.uwaterloo.ca/FOSD11;https://doi.org/10.1145/2019136.2019139;feature_models/original/systems_software/stm3210e_eval/Passos2011.json
stm3210e_eval;Knüppel2017;systems_software;FeatureIDE;json;2017;['CDL', 'Automatic'];True;0;;0;https://github.com/AlexanderKnueppel/is-there-a-mismatch;https://doi.org/10.1145/3106237.3106252;feature_models/original/systems_software/stm3210e_eval/Knüppel2017.json
stm3210e_eval;Berger2013;systems_software;DIMACS;json;2013;['CDL', 'Automatic'];False;0;;0;https://gsd.uwaterloo.ca/industrial-variability-modeling;https://doi.org/10.1109/TSE.2013.34;feature_models/original/systems_software/stm3210e_eval/Berger2013.json
ts1000;Passos2011;systems_software;Clafer;json;2011;['CDL', 'Automatic'];True;0;;0;https://gsd.uwaterloo.ca/FOSD11;https://doi.org/10.1145/2019136.2019139;feature_models/original/systems_software/ts1000/Passos2011.json
ts1000;Knüppel2017;systems_software;FeatureIDE;json;2017;['CDL', 'Automatic'];True;0;;0;https://github.com/AlexanderKnueppel/is-there-a-mismatch;https://doi.org/10.1145/3106237.3106252;feature_models/original/systems_software/ts1000/Knüppel2017.json
ts1000;Berger2013;systems_software;DIMACS;json;2013;['CDL', 'Automatic'];False;0;;0;https://gsd.uwaterloo.ca/industrial-variability-modeling;https://doi.org/10.1109/TSE.2013.34;feature_models/original/systems_software/ts1000/Berger2013.json
ts6;Passos2011;systems_software;Clafer;json;2011;['CDL', 'Automatic'];True;0;;0;https://gsd.uwaterloo.ca/FOSD11;https://doi.org/10.1145/2019136.2019139;feature_models/original/systems_software/ts6/Passos2011.json
ts6;Knüppel2017;systems_software;FeatureIDE;json;2017;['CDL', 'Automatic'];True;0;;0;https://github.com/AlexanderKnueppel/is-there-a-mismatch;https://doi.org/10.1145/3106237.3106252;feature_models/original/systems_software/ts6/Knüppel2017.json
ts6;Berger2013;systems_software;DIMACS;json;2013;['CDL', 'Automatic'];False;0;;0;https://gsd.uwaterloo.ca/industrial-variability-modeling;https://doi.org/10.1109/TSE.2013.34;feature_models/original/systems_software/ts6/Berger2013.json
tx39_sim;Passos2011;systems_software;Clafer;json;2011;['CDL', 'Automatic'];True;0;;0;https://gsd.uwaterloo.ca/FOSD11;https://doi.org/10.1145/2019136.2019139;feature_models/original/systems_software/tx39_sim/Passos2011.json
tx39_sim;Knüppel2017;systems_software;FeatureIDE;json;2017;['CDL', 'Automatic'];True;0;;0;https://github.com/AlexanderKnueppel/is-there-a-mismatch;https://doi.org/10.1145/3106237.3106252;feature_models/original/systems_software/tx39_sim/Knüppel2017.json
tx39_sim;Berger2013;systems_software;DIMACS;json;2013;['CDL', 'Automatic'];False;0;;0;https://gsd.uwaterloo.ca/industrial-variability-modeling;https://doi.org/10.1109/TSE.2013.34;feature_models/original/systems_software/tx39_sim/Berger2013.json
uCLinux;Berger2013;systems_software;DIMACS;json;2013;['Automatic', 'KConfig', 'LVAT'];False;0;;0;https://gsd.uwaterloo.ca/industrial-variability-modeling;https://doi.org/10.1109/TSE.2013.34;feature_models/original/systems_software/uCLinux/Berger2013.json
uCLinux_Config;Berger2013;systems_software;DIMACS;json;2013;['Automatic', 'KConfig', 'LVAT'];False;0;;0;https://gsd.uwaterloo.ca/industrial-variability-modeling;https://doi.org/10.1109/TSE.2013.34;feature_models/original/systems_software/uCLinux_Config/Berger2013.json
uCLinux_base;Knüppel2017;systems_software;FeatureIDE;json;2017;['Automatic', 'KConfig'];True;0;;0;https://github.com/AlexanderKnueppel/is-there-a-mismatch;https://doi.org/10.1145/3106237.3106252;feature_models/original/systems_software/uCLinux_base/Knüppel2017.json
uCLinux_distribution;Knüppel2017;systems_software;FeatureIDE;json;2017;['Automatic', 'KConfig'];True;0;;0;https://github.com/AlexanderKnueppel/is-there-a-mismatch;https://doi.org/10.1145/3106237.3106252;feature_models/original/systems_software/uCLinux_distribution/Knüppel2017.json
uClibc;Knüppel2017;systems_software;FeatureIDE;json;2017;['Automatic', 'KConfig'];True;0;;0;https://github.com/AlexanderKnueppel/is-there-a-mismatch;https://doi.org/10.1145/3106237.3106252;feature_models/original/systems_software/uClibc/Knüppel2017.json
uClibc;Oh2020;systems_software;DIMACS;json;2020;['Automatic', 'KConfig'];False;0;;2;https://github.com/jeho-oh/Smarch;https://apps.cs.utexas.edu/apps/tech-reports/192690;feature_models/original/systems_software/uClibc/Oh2020.json
uE250;Passos2011;systems_software;Clafer;json;2011;['CDL', 'Automatic'];True;0;;0;https://gsd.uwaterloo.ca/FOSD11;https://doi.org/10.1145/2019136.2019139;feature_models/original/systems_software/uE250/Passos2011.json
uE250;Knüppel2017;systems_software;FeatureIDE;json;2017;['CDL', 'Automatic'];True;0;;0;https://github.com/AlexanderKnueppel/is-there-a-mismatch;https://doi.org/10.1145/3106237.3106252;feature_models/original/systems_software/uE250/Knüppel2017.json
uE250;Berger2013;systems_software;DIMACS;json;2013;['CDL', 'Automatic'];False;0;;0;https://gsd.uwaterloo.ca/industrial-variability-modeling;https://doi.org/10.1109/TSE.2013.34;feature_models/original/systems_software/uE250/Berger2013.json
ubuntu;Mendonca2009;systems_software;SXFM;json;2009;['Manual'];True;0;;2;http://www.splot-research.org/;https://doi.org/10.1145/1639950.1640002;feature_models/original/systems_software/ubuntu/Mendonca2009.json
vads;Passos2011;systems_software;Clafer;json;2011;['CDL', 'Automatic'];True;0;;0;https://gsd.uwaterloo.ca/FOSD11;https://doi.org/10.1145/2019136.2019139;feature_models/original/systems_software/vads/Passos2011.json
vads;Knüppel2017;systems_software;FeatureIDE;json;2017;['CDL', 'Automatic'];True;0;;0;https://github.com/AlexanderKnueppel/is-there-a-mismatch;https://doi.org/10.1145/3106237.3106252;feature_models/original/systems_software/vads/Knüppel2017.json
vads;Berger2013;systems_software;DIMACS;json;2013;['CDL', 'Automatic'];False;0;;0;https://gsd.uwaterloo.ca/industrial-variability-modeling;https://doi.org/10.1109/TSE.2013.34;feature_models/original/systems_software/vads/Berger2013.json
viper;Passos2011;systems_software;Clafer;json;2011;['CDL', 'Automatic'];True;0;;0;https://gsd.uwaterloo.ca/FOSD11;https://doi.org/10.1145/2019136.2019139;feature_models/original/systems_software/viper/Passos2011.json
viper;Knüppel2017;systems_software;FeatureIDE;json;2017;['CDL', 'Automatic'];True;0;;0;https://github.com/AlexanderKnueppel/is-there-a-mismatch;https://doi.org/10.1145/3106237.3106252;feature_models/original/systems_software/viper/Knüppel2017.json
viper;Berger2013;systems_software;DIMACS;json;2013;['CDL', 'Automatic'];False;0;;0;https://gsd.uwaterloo.ca/industrial-variability-modeling;https://doi.org/10.1109/TSE.2013.34;feature_models/original/systems_software/viper/Berger2013.json
vrc4373;Passos2011;systems_software;Clafer;json;2011;['CDL', 'Automatic'];True;0;;0;https://gsd.uwaterloo.ca/FOSD11;https://doi.org/10.1145/2019136.2019139;feature_models/original/systems_software/vrc4373/Passos2011.json
vrc4373;Knüppel2017;systems_software;FeatureIDE;json;2017;['CDL', 'Automatic'];True;0;;0;https://github.com/AlexanderKnueppel/is-there-a-mismatch;https://doi.org/10.1145/3106237.3106252;feature_models/original/systems_software/vrc4373/Knüppel2017.json
vrc4373;Berger2013;systems_software;DIMACS;json;2013;['CDL', 'Automatic'];False;0;;0;https://gsd.uwaterloo.ca/industrial-variability-modeling;https://doi.org/10.1109/TSE.2013.34;feature_models/original/systems_software/vrc4373/Berger2013.json
vrc4375;Passos2011;systems_software;Clafer;json;2011;['CDL', 'Automatic'];True;0;;0;https://gsd.uwaterloo.ca/FOSD11;https://doi.org/10.1145/2019136.2019139;feature_models/original/systems_software/vrc4375/Passos2011.json
vrc4375;Knüppel2017;systems_software;FeatureIDE;json;2017;['CDL', 'Automatic'];True;0;;0;https://github.com/AlexanderKnueppel/is-there-a-mismatch;https://doi.org/10.1145/3106237.3106252;feature_models/original/systems_software/vrc4375/Knüppel2017.json
vrc4375;Berger2013;systems_software;DIMACS;json;2013;['CDL', 'Automatic'];False;0;;0;https://gsd.uwaterloo.ca/industrial-variability-modeling;https://doi.org/10.1109/TSE.2013.34;feature_models/original/systems_software/vrc4375/Berger2013.json
windows;Mendonca2009;systems_software;SXFM;json;2009;['Manual'];True;0;;2;http://www.splot-research.org/;https://doi.org/10.1145/1639950.1640002;feature_models/original/systems_software/windows/Mendonca2009.json
xtext;Mendonca2009;text;SXFM;json;2009;['Manual'];True;0;;0;http://www.splot-research.org/;https://doi.org/10.1145/1639950.1640002;feature_models/original/text/xtext/Mendonca2009.json
